Workbook

Sheet Summary
A1: Sri Lankan Tamil Inscriptions, Archaeology, Hero Stones & Rock Art: Bibliography
A2: Books, research papers, newspaper and magazine articles, 1996-2026 (plus key earlier references). Compiled 2026-10-14. Counts below are live formulas over the 'All Records' sheet.
A3: Keywords: கல்வெட்டு, கல்வெட்டுகள், தமிழ், தொல்லியல், நடுகல், பாறை ஓவியம் / inscription, epigraphy, Tamil, archaeology, hero stone, rock art, Brahmi, coins
A5: Category | B5: Records | C5: Within 1996-2026
A6: Books | B6: =COUNTIF('All Records'!$B$2:$B$465,A6) | C6: =COUNTIFS('All Records'!$B$2:$B$465,A6,'All Records'!$L$2:$L$465,"Yes")
A7: Research Papers | B7: =COUNTIF('All Records'!$B$2:$B$465,A7) | C7: =COUNTIFS('All Records'!$B$2:$B$465,A7,'All Records'!$L$2:$L$465,"Yes")
A8: Newspaper Articles | B8: =COUNTIF('All Records'!$B$2:$B$465,A8) | C8: =COUNTIFS('All Records'!$B$2:$B$465,A8,'All Records'!$L$2:$L$465,"Yes")
A9: Magazines/Journals | B9: =COUNTIF('All Records'!$B$2:$B$465,A9) | C9: =COUNTIFS('All Records'!$B$2:$B$465,A9,'All Records'!$L$2:$L$465,"Yes")
A10: Web Articles | B10: =COUNTIF('All Records'!$B$2:$B$465,A10) | C10: =COUNTIFS('All Records'!$B$2:$B$465,A10,'All Records'!$L$2:$L$465,"Yes")
A11: Total | B11: =SUM(B6:B10) | C11: =SUM(C6:C10)
A13: Theme | B13: Records
A14: Inscriptions / கல்வெட்டு | B14: =COUNTIF('All Records'!$J$2:$J$465,"*"&A14&"*")
A15: Brahmi / பிராமி | B15: =COUNTIF('All Records'!$J$2:$J$465,"*"&A15&"*")
A16: Archaeology / தொல்லியல் | B16: =COUNTIF('All Records'!$J$2:$J$465,"*"&A16&"*")
A17: Hero stones / நடுகல் | B17: =COUNTIF('All Records'!$J$2:$J$465,"*"&A17&"*")
A18: Rock art / பாறை ஓவியம் | B18: =COUNTIF('All Records'!$J$2:$J$465,"*"&A18&"*")
A19: Coins / நாணயம் | B19: =COUNTIF('All Records'!$J$2:$J$465,"*"&A19&"*")
A20: A record can carry several themes, so theme counts add up to more than the total.
A22: Period | B22: Books | C22: Research Papers | D22: Newspaper Articles | E22: Magazines/Journals | F22: Web Articles | G22: All
A23: 1996-2000 | B23: =SUMPRODUCT(('All Records'!$B$2:$B$465="Books")*(IFERROR(VALUE(LEFT('All Records'!$C$2:$C$465,4)),0)>=1996)*(IFERROR(VALUE(LEFT('All Records'!$C$2:$C$465,4)),0)<=2000)) | C23: =SUMPRODUCT(('All Records'!$B$2:$B$465="Research Papers")*(IFERROR(VALUE(LEFT('All Records'!$C$2:$C$465,4)),0)>=1996)*(IFERROR(VALUE(LEFT('All Records'!$C$2:$C$465,4)),0)<=2000)) | D23: =SUMPRODUCT(('All Records'!$B$2:$B$465="Newspaper Articles")*(IFERROR(VALUE(LEFT('All Records'!$C$2:$C$465,4)),0)>=1996)*(IFERROR(VALUE(LEFT('All Records'!$C$2:$C$465,4)),0)<=2000)) | E23: =SUMPRODUCT(('All Records'!$B$2:$B$465="Magazines/Journals")*(IFERROR(VALUE(LEFT('All Records'!$C$2:$C$465,4)),0)>=1996)*(IFERROR(VALUE(LEFT('All Records'!$C$2:$C$465,4)),0)<=2000)) | F23: =SUMPRODUCT(('All Records'!$B$2:$B$465="Web Articles")*(IFERROR(VALUE(LEFT('All Records'!$C$2:$C$465,4)),0)>=1996)*(IFERROR(VALUE(LEFT('All Records'!$C$2:$C$465,4)),0)<=2000)) | G23: =SUM(B23:F23)
A24: 2001-2005 | B24: =SUMPRODUCT(('All Records'!$B$2:$B$465="Books")*(IFERROR(VALUE(LEFT('All Records'!$C$2:$C$465,4)),0)>=2001)*(IFERROR(VALUE(LEFT('All Records'!$C$2:$C$465,4)),0)<=2005)) | C24: =SUMPRODUCT(('All Records'!$B$2:$B$465="Research Papers")*(IFERROR(VALUE(LEFT('All Records'!$C$2:$C$465,4)),0)>=2001)*(IFERROR(VALUE(LEFT('All Records'!$C$2:$C$465,4)),0)<=2005)) | D24: =SUMPRODUCT(('All Records'!$B$2:$B$465="Newspaper Articles")*(IFERROR(VALUE(LEFT('All Records'!$C$2:$C$465,4)),0)>=2001)*(IFERROR(VALUE(LEFT('All Records'!$C$2:$C$465,4)),0)<=2005)) | E24: =SUMPRODUCT(('All Records'!$B$2:$B$465="Magazines/Journals")*(IFERROR(VALUE(LEFT('All Records'!$C$2:$C$465,4)),0)>=2001)*(IFERROR(VALUE(LEFT('All Records'!$C$2:$C$465,4)),0)<=2005)) | F24: =SUMPRODUCT(('All Records'!$B$2:$B$465="Web Articles")*(IFERROR(VALUE(LEFT('All Records'!$C$2:$C$465,4)),0)>=2001)*(IFERROR(VALUE(LEFT('All Records'!$C$2:$C$465,4)),0)<=2005)) | G24: =SUM(B24:F24)
A25: 2006-2010 | B25: =SUMPRODUCT(('All Records'!$B$2:$B$465="Books")*(IFERROR(VALUE(LEFT('All Records'!$C$2:$C$465,4)),0)>=2006)*(IFERROR(VALUE(LEFT('All Records'!$C$2:$C$465,4)),0)<=2010)) | C25: =SUMPRODUCT(('All Records'!$B$2:$B$465="Research Papers")*(IFERROR(VALUE(LEFT('All Records'!$C$2:$C$465,4)),0)>=2006)*(IFERROR(VALUE(LEFT('All Records'!$C$2:$C$465,4)),0)<=2010)) | D25: =SUMPRODUCT(('All Records'!$B$2:$B$465="Newspaper Articles")*(IFERROR(VALUE(LEFT('All Records'!$C$2:$C$465,4)),0)>=2006)*(IFERROR(VALUE(LEFT('All Records'!$C$2:$C$465,4)),0)<=2010)) | E25: =SUMPRODUCT(('All Records'!$B$2:$B$465="Magazines/Journals")*(IFERROR(VALUE(LEFT('All Records'!$C$2:$C$465,4)),0)>=2006)*(IFERROR(VALUE(LEFT('All Records'!$C$2:$C$465,4)),0)<=2010)) | F25: =SUMPRODUCT(('All Records'!$B$2:$B$465="Web Articles")*(IFERROR(VALUE(LEFT('All Records'!$C$2:$C$465,4)),0)>=2006)*(IFERROR(VALUE(LEFT('All Records'!$C$2:$C$465,4)),0)<=2010)) | G25: =SUM(B25:F25)
A26: 2011-2015 | B26: =SUMPRODUCT(('All Records'!$B$2:$B$465="Books")*(IFERROR(VALUE(LEFT('All Records'!$C$2:$C$465,4)),0)>=2011)*(IFERROR(VALUE(LEFT('All Records'!$C$2:$C$465,4)),0)<=2015)) | C26: =SUMPRODUCT(('All Records'!$B$2:$B$465="Research Papers")*(IFERROR(VALUE(LEFT('All Records'!$C$2:$C$465,4)),0)>=2011)*(IFERROR(VALUE(LEFT('All Records'!$C$2:$C$465,4)),0)<=2015)) | D26: =SUMPRODUCT(('All Records'!$B$2:$B$465="Newspaper Articles")*(IFERROR(VALUE(LEFT('All Records'!$C$2:$C$465,4)),0)>=2011)*(IFERROR(VALUE(LEFT('All Records'!$C$2:$C$465,4)),0)<=2015)) | E26: =SUMPRODUCT(('All Records'!$B$2:$B$465="Magazines/Journals")*(IFERROR(VALUE(LEFT('All Records'!$C$2:$C$465,4)),0)>=2011)*(IFERROR(VALUE(LEFT('All Records'!$C$2:$C$465,4)),0)<=2015)) | F26: =SUMPRODUCT(('All Records'!$B$2:$B$465="Web Articles")*(IFERROR(VALUE(LEFT('All Records'!$C$2:$C$465,4)),0)>=2011)*(IFERROR(VALUE(LEFT('All Records'!$C$2:$C$465,4)),0)<=2015)) | G26: =SUM(B26:F26)
A27: 2016-2020 | B27: =SUMPRODUCT(('All Records'!$B$2:$B$465="Books")*(IFERROR(VALUE(LEFT('All Records'!$C$2:$C$465,4)),0)>=2016)*(IFERROR(VALUE(LEFT('All Records'!$C$2:$C$465,4)),0)<=2020)) | C27: =SUMPRODUCT(('All Records'!$B$2:$B$465="Research Papers")*(IFERROR(VALUE(LEFT('All Records'!$C$2:$C$465,4)),0)>=2016)*(IFERROR(VALUE(LEFT('All Records'!$C$2:$C$465,4)),0)<=2020)) | D27: =SUMPRODUCT(('All Records'!$B$2:$B$465="Newspaper Articles")*(IFERROR(VALUE(LEFT('All Records'!$C$2:$C$465,4)),0)>=2016)*(IFERROR(VALUE(LEFT('All Records'!$C$2:$C$465,4)),0)<=2020)) | E27: =SUMPRODUCT(('All Records'!$B$2:$B$465="Magazines/Journals")*(IFERROR(VALUE(LEFT('All Records'!$C$2:$C$465,4)),0)>=2016)*(IFERROR(VALUE(LEFT('All Records'!$C$2:$C$465,4)),0)<=2020)) | F27: =SUMPRODUCT(('All Records'!$B$2:$B$465="Web Articles")*(IFERROR(VALUE(LEFT('All Records'!$C$2:$C$465,4)),0)>=2016)*(IFERROR(VALUE(LEFT('All Records'!$C$2:$C$465,4)),0)<=2020)) | G27: =SUM(B27:F27)
A28: 2021-2026 | B28: =SUMPRODUCT(('All Records'!$B$2:$B$465="Books")*(IFERROR(VALUE(LEFT('All Records'!$C$2:$C$465,4)),0)>=2021)*(IFERROR(VALUE(LEFT('All Records'!$C$2:$C$465,4)),0)<=2026)) | C28: =SUMPRODUCT(('All Records'!$B$2:$B$465="Research Papers")*(IFERROR(VALUE(LEFT('All Records'!$C$2:$C$465,4)),0)>=2021)*(IFERROR(VALUE(LEFT('All Records'!$C$2:$C$465,4)),0)<=2026)) | D28: =SUMPRODUCT(('All Records'!$B$2:$B$465="Newspaper Articles")*(IFERROR(VALUE(LEFT('All Records'!$C$2:$C$465,4)),0)>=2021)*(IFERROR(VALUE(LEFT('All Records'!$C$2:$C$465,4)),0)<=2026)) | E28: =SUMPRODUCT(('All Records'!$B$2:$B$465="Magazines/Journals")*(IFERROR(VALUE(LEFT('All Records'!$C$2:$C$465,4)),0)>=2021)*(IFERROR(VALUE(LEFT('All Records'!$C$2:$C$465,4)),0)<=2026)) | F28: =SUMPRODUCT(('All Records'!$B$2:$B$465="Web Articles")*(IFERROR(VALUE(LEFT('All Records'!$C$2:$C$465,4)),0)>=2021)*(IFERROR(VALUE(LEFT('All Records'!$C$2:$C$465,4)),0)<=2026)) | G28: =SUM(B28:F28)
A29: Records with no year yet are counted in the category totals but not in this period table.

Sheet Books
A1: ID | B1: Year | C1: Date | D1: Title | E1: Author / Editor | F1: Publisher / Source | G1: Type | H1: Language | I1: Themes | J1: Keywords | K1: Within 1996-2026 | L1: Notes | M1: URL
A2: BK-0001 | B2: 2026 | C2: 2026-02-15 | D2: Religion, Gender, and Politics in Medieval Sri Lanka: The Reconstruction of Buddhist Kingship, ca. 1070–1215 | E2: Bruno M. Shirley | G2: Book | H2: English | K2: Yes | L2: OpenAlex query: Tamil Brahmi Sri Lanka. Auto-collected 2026-10-14 (openalex); review. | M2: https://doi.org/10.17302/kshl2567
A3: BK-0002 | B3: 2026 | C3: 2026-04-11 | D3: Glimpses of an Ancient Civilisation: Society and Culture in Jaffna (300 BC to AD 500) | E3: S. Pathmanathan | G3: Book | H3: English | I3: Brahmi / பிராமி; Archaeology / தொல்லியல்; Coins / நாணயம் | J3: Tamil-Brahmi; Vallipuram gold plate; Roman coins; archaeology | K3: Yes | L3: Launched 11 Apr 2026 | M3: https://www.tamilguardian.com/content/prof-pathmanathans-new-book-sheds-light-early-jaffna-civilisation
A4: BK-0003 | B4: 2025 | D4: இலங்கையின் பிராமி மற்றும் சிங்களக் கல்வெட்டுகளில் தமிழர் (Tamils in the Brahmi and Sinhala Inscriptions of Sri Lanka) | E4: N. K. S. Thiruchelvam | F4: Ezhuna | G4: Book | H4: Tamil | I4: Inscriptions / கல்வெட்டு; Brahmi / பிராமி | J4: Brahmi; கல்வெட்டு; Tamils | K4: Yes | L4: Book launch 26 Jul 2025, Trincomalee | M4: https://www.ezhunaonline.com/books/tamils-in-the-inscriptions-of-brahmi-and-sinhala/
A5: BK-0004 | B5: 2022 | D5: Ancient Sri Lanka: Glimpses of the Past | E5: K. Indrapala | F5: Ohm Books Publishing | G5: Book | H5: English | I5: Archaeology / தொல்லியல் | J5: archaeology; history | K5: Yes | M5: https://en.wikipedia.org/wiki/K._Indrapala
A6: BK-0005 | B6: 2017 | D6: இலங்கைத் தமிழர்: ஒரு சுருக்க வரலாறு (Sri Lankan Tamils: A Brief History) | E6: P. Pushparatnam | F6: Tamil Education Service, Switzerland | G6: Book | H6: Tamil | I6: Archaeology / தொல்லியல் | J6: history; archaeology | K6: Yes | L6: Noolaham No. 75615; 248 pp. | M6: https://noolaham.org/wiki/index.php/இலங்கைத்_தமிழர்:_ஒரு_சுருக்க_வரலாறு
A7: BK-0006 | B7: 2017 | D7: ஈழத் தமிழர் மரபுரிமை அடையாளங்கள் (Heritage Symbols of Eelam Tamils) | E7: P. Pushparatnam | F7: Tamil Education Service, Switzerland | G7: Book | H7: Tamil | I7: Archaeology / தொல்லியல் | J7: heritage; தொல்லியல் | K7: Yes | L7: Noolaham No. 75614; 240 pp. | M7: https://noolaham.org/wiki/index.php/ஈழத்_தமிழர்_மரபுரிமை_அடையாளங்கள்
A8: BK-0007 | B8: 2017 | C8: 2017-06-06 | D8: Sri Lanka at the Crossroads of History | E8: Coningham, R.A.E., Manuel, M.J., Davis, C.E., Gunawardhana, P. | F8: Noolaham digital library | G8: Book | H8: English | I8: Archaeology / தொல்லியல் | J8: history; archaeology | K8: Yes | L8: Details to verify | M8: https://noolaham.net/project/810/80954/80954.pdf
A9: BK-0008 | B9: 2014 | D9: Collection of Historical Articles of Prof. V. Sivasamy | E9: K. Arunthavarajah (ed.) | F9: Anchu Publication, Nallur | G9: Edited volume | H9: Tamil | I9: Inscriptions / கல்வெட்டு | J9: history; epigraphy | K9: Yes | M9: https://www.his.jfn.ac.lk/index.php/profkarunthavarajah/
A10: BK-0009 | B10: 2014 | C10: 2014-02-17 | D10: இலங்கையில் தமிழர்: ஓர் இனக்குழு ஆக்கம் பெற்ற வரலாறு | E10: K. Indrapala (Tamil edition) | F10: Wikipedia (ta) | G10: Book | H10: Tamil | I10: Inscriptions / கல்வெட்டு; Brahmi / பிராமி | J10: Brahmi; inscriptions; ethnic history | K10: Yes | L10: Tamil version of Evolution of an Ethnic Identity; details to verify (Noolaham rate-limited) | M10: https://noolaham.org/wiki/index.php/இலங்கையில்_தமிழர்:_ஓர்_இனக்குழு_ஆக்கம்_பெற்ற_வரலாறு
A11: BK-0010 | B11: 2013 | D11: நல்லூர் இராஜதானியும் யாழ்ப்பாணக் கோட்டையும் - மீள்வாசிப்பு | E11: P. Pushparatnam | F11: Colombo Tamil Sangam | G11: Book | H11: Tamil | I11: Archaeology / தொல்லியல் | J11: தொல்லியல்; Nallur; Jaffna Fort | K11: Yes | L11: Noolaham No. 97925; 48 pp. | M11: https://noolaham.org/wiki/index.php/நல்லூர்_இராஜதானியும்_யாழ்ப்பாணக்_கோட்டையும்_-_மீள்வாசிப்பு
A12: BK-0011 | B12: 2012 | D12: Life Style of Jaffna | E12: K. Arunthavarajah (managing ed.) | F12: Department of History, University of Jaffna, with Veerakesari | G12: Edited volume | H12: English | I12: Archaeology / தொல்லியல் | J12: material culture; heritage | K12: Yes | M12: https://www.his.jfn.ac.lk/index.php/profkarunthavarajah/
A13: BK-0012 | B13: 2010 | D13: Spolia Zeylanica Vol. 47: Tamil Inscriptions in the Colombo National Museum | E13: Department of National Museums | F13: Department of National Museums, Colombo | G13: Book | H13: English | I13: Inscriptions / கல்வெட்டு | J13: Tamil inscriptions; museum catalogue | K13: Yes | L13: ISBN 9789555780278 | M13: https://opac.busl.ac.lk/bib/14671
A14: BK-0013 | B14: 2008 | D14: Rock and Wall Paintings of Sri Lanka (facsimile edition) | E14: Senaka Bandaranayake | F14: Stamford Lake | G14: Book | H14: English | I14: Rock art / பாறை ஓவியம் | J14: பாறை ஓவியம்; rock art; wall paintings | K14: Yes | L14: Publisher to verify | M14: https://www.sundaytimes.lk/080504/Plus/plus000025.html
A15: BK-0014 | B15: 2006 | D15: Ilankait Tamilc Cacanankal c. AD 800-1300 (Tamil Inscriptions of Sri Lanka) | E15: S. Pathmanathan | F15: Department of Hindu Religious and Cultural Affairs | G15: Book | H15: Tamil | I15: Inscriptions / கல்வெட்டு | J15: கல்வெட்டு; inscriptions corpus | K15: Yes | L15: Same as entry from Wikipedia; fuller title | M15: https://jfn.ac.lk/prof-s-pathmanathan/
A16: BK-0015 | B16: 2006 | D16: இலங்கைத் தமிழ்ச் சாசனங்கள் (Tamil Inscriptions in Sri Lanka) | E16: S. Pathmanathan | F16: Department of Hindu Religious & Cultural Affairs, Colombo | G16: Book | H16: Tamil | I16: Inscriptions / கல்வெட்டு | J16: inscriptions; கல்வெட்டு | K16: Yes | M16: https://en.wikipedia.org/wiki/S._Pathmanathan
A17: BK-0016 | B17: 2005 | D17: Hindu Encyclopaedia (Tamil), Parts I-IX (1992-2008) | E17: S. Pathmanathan (ed.-in-chief) | F17: Department of Hindu Religious and Cultural Affairs | G17: Encyclopaedia | H17: Tamil | J17: encyclopaedia; temples | K17: Yes | L17: Parts: III 1996, IV 1998, V 2001, VI 2003, VII 2005, VIII 2006, IX 2008 | M17: https://jfn.ac.lk/prof-s-pathmanathan/
A18: BK-0017 | B18: 2005 | D18: The Evolution of an Ethnic Identity: The Tamils of Sri Lanka c. 300 BCE to c. 1200 CE | E18: K. Indrapala | F18: MV Publications (Sydney); reissued Vijitha Yapa 2007, Ohm Books 2015 | G18: Book | H18: English | I18: Inscriptions / கல்வெட்டு; Brahmi / பிராமி | J18: Tamil Brahmi; inscriptions; ethnic history | K18: Yes | M18: https://en.wikipedia.org/wiki/K._Indrapala
A19: BK-0018 | B19: 2004 | D19: A Study of the Language of the Tamil Inscriptions of the 7th and 8th Centuries A.D. | E19: K. Kanapathypillai | F19: Kumaran Book House, Colombo-Chennai | G19: Book | H19: English | I19: Inscriptions / கல்வெட்டு | J19: Tamil inscriptions; epigraphy | K19: Yes | L19: 1st edition 2004 (reprint) | M19: https://unioncatalogue.dlp.gov.lk/Record/batt.35119/Similar
A20: BK-0019 | B20: 2004 | D20: Ilankaiyil Intu Camayam (Hinduism in Sri Lanka) | E20: S. Pathmanathan | F20: Kumaran Book House, Colombo-Chennai | G20: Book | H20: Tamil | J20: Hinduism; history | K20: Yes | M20: https://jfn.ac.lk/prof-s-pathmanathan/
A21: BK-0020 | B21: 2004 | D21: Tamil Literature and Historical Traditions in Sri Lanka | E21: S. Pathmanathan | F21: Kumaran Press | G21: Book | H21: Tamil | J21: history | K21: Yes | M21: https://en.wikipedia.org/wiki/S._Pathmanathan
A22: BK-0021 | B22: 2004 | D22: தமிழ் எழுத்தின் தோற்றம் (Origin of the Tamil Script) | E22: P. Pushparatnam | F22: District Secretariat, Jaffna | G22: Book | H22: Tamil | I22: Inscriptions / கல்வெட்டு; Brahmi / பிராமி | J22: பிராமி; script; epigraphy | K22: Yes | L22: Noolaham No. 4788; 126 pp. | M22: https://noolaham.org/wiki/index.php/தமிழ்_எழுத்தின்_தோற்றம்
A23: BK-0022 | B23: 2003 | D23: Early Tamil Epigraphy: From the Earliest Times to the Sixth Century A.D. | E23: Iravatham Mahadevan | F23: Cre-A, Chennai & Harvard University | G23: Book | H23: English | I23: Inscriptions / கல்வெட்டு; Brahmi / பிராமி | J23: Tamil Brahmi; epigraphy; Sri Lanka parallels | K23: Yes | L23: Discusses Sri Lankan Brahmi | M23: https://vedamsbooks.com/books/early_tamil_epigraphy_from_the_earliest_times_to_the_sixth_century_c_e_volume_1_tamil_brahmi_inscriptions
A24: BK-0023 | B24: 2003 | D24: Glimpses of Hindu Heritage | E24: S. Pathmanathan (joint ed.) | F24: Ministry of Hindu Religious Affairs | G24: Edited volume | H24: English | I24: Archaeology / தொல்லியல் | J24: heritage; bronzes | K24: Yes | M24: https://jfn.ac.lk/prof-s-pathmanathan/
A25: BK-0024 | B25: 2003 | C25: 2014-02-21 | D25: தொல்லியல் நோக்கில் இலங்கைத் தமிழர் பண்பாடு (Sri Lankan Tamil Culture from an Archaeological Perspective) | E25: P. Pushparatnam | F25: Bhavani Pathippagam | G25: Book | H25: Tamil | I25: Archaeology / தொல்லியல் | J25: தொல்லியல்; culture | K25: Yes | L25: Noolaham No. 4461; 240 pp. | M25: https://noolaham.org/wiki/index.php/தொல்லியல்_நோக்கில்_இலங்கைத்_தமிழர்_பண்பாடு
A26: BK-0025 | B26: 2002 | D26: Ancient Coins of Sri Lankan Tamil Rulers | E26: P. Pushparatnam | F26: Bavani Patippakam, Jaffna | G26: Book | H26: English | I26: Brahmi / பிராமி; Archaeology / தொல்லியல்; Coins / நாணயம் | J26: coins; Tamil Brahmi; archaeology | K26: Yes | L26: 192 pp. | M26: https://mannar.dlp.gov.lk/bib/9820
A27: BK-0026 | B27: 2002 | D27: Naka Dynasty as Gleaned from the Archaeological Evidences in Sri Lanka | E27: P. Pushparatnam | G27: Book | H27: English | I27: Inscriptions / கல்வெட்டு; Archaeology / தொல்லியல்; Coins / நாணயம் | J27: Naga; தொல்லியல்; coins; inscriptions | K27: Yes | L27: Noolaham No. 126188; 44 pp. | M27: https://noolaham.org/wiki/index.php/Naka_Dynasty_as_Gleaned_from_the_Archaeological_Evidences_in_Sri_Lanka
A28: BK-0027 | B28: 2002 | D28: தொல்லியல் நோக்கில் ஈழத்தமிழரின் பண்டையகால மதமும் கலையும் (Ancient Religion and Art of Eelam Tamils: An Archaeological Perspective) | E28: P. Pushparatnam | F28: Kumaran Book House | G28: Book | H28: Tamil | I28: Archaeology / தொல்லியல் | J28: தொல்லியல்; religion; art | K28: Yes | L28: Noolaham No. 4500; 177 pp. | M28: https://noolaham.org/wiki/index.php/தொல்லியல்_நோக்கில்_ஈழத்தமிழரின்_பண்டையகால_மதமும்_கலையும்
A29: BK-0028 | B29: 2001 | D29: Hindu Culture in Sri Lanka, Vol. 1: Temple Art & Architecture (ed.) | E29: S. Pathmanathan (ed.) | F29: Department of Hindu Religious & Cultural Affairs | G29: Book | H29: Tamil | I29: Archaeology / தொல்லியல் | J29: temple architecture; archaeology | K29: Yes | M29: https://en.wikipedia.org/wiki/S._Pathmanathan
A30: BK-0029 | B30: 2001 | D30: இலங்கைத் தமிழரின் பண்டைய கால நாணயங்கள் (Ancient Coins of Sri Lankan Tamils) | E30: P. Pushparatnam | F30: Bhavani Pathippagam | G30: Book | H30: Tamil | I30: Brahmi / பிராமி; Coins / நாணயம் | J30: நாணயம்; coins; Tamil Brahmi | K30: Yes | L30: Noolaham No. 4470; 219 pp. | M30: https://noolaham.org/wiki/index.php/இலங்கைத்_தமிழரின்_பண்டைய_கால_நாணயங்கள்
A31: BK-0030 | B31: 2001 | D31: பண்டைய இலங்கையில் தமிழும் தமிழரும் (Tamil and Tamils in Ancient Sri Lanka) | E31: P. Pushparatnam | F31: Colombo Tamil Sangam | G31: Book | H31: Tamil | I31: Inscriptions / கல்வெட்டு; Brahmi / பிராமி; Archaeology / தொல்லியல் | J31: பிராமி; கல்வெட்டு; தொல்லியல் | K31: Yes | L31: Noolaham No. 430; xiii+120 pp. | M31: https://noolaham.org/wiki/index.php/பண்டைய_இலங்கையில்_தமிழும்_தமிழரும்
A32: BK-0031 | B32: 2000 | D32: History and Archaeology of Sri Lanka, Vol. I: Reflections on a Heritage | E32: R.A.L.H. Gunawardana, S. Pathmanathan, M. Rohanadheera (eds.) | F32: Central Cultural Fund, Colombo | G32: Edited volume | H32: English | I32: Archaeology / தொல்லியல் | J32: archaeology; history | K32: Yes | M32: https://jfn.ac.lk/prof-s-pathmanathan/
A33: BK-0032 | B33: 2000 | D33: Temples of Siva in Sri Lanka | E33: S. Pathmanathan (chief ed.) | F33: Chinmaya Mission of Sri Lanka | G33: Edited volume | H33: English | I33: Inscriptions / கல்வெட்டு | J33: temples; inscriptions | K33: Yes | L33: Page gives 1999/2000 | M33: https://jfn.ac.lk/prof-s-pathmanathan/
A34: BK-0033 | B34: 1999 | D34: Ancient Sri Lankan coins / trade at Tissamaharama (Bopearachchi & Wickremesinhe) | E34: O. Bopearachchi, R. Wickremesinhe | F34: (Ruhuna: an ancient civilisation revisited) | G34: Book | H34: English | I34: Coins / நாணயம் | J34: coins; Tissamaharama; trade | K34: Yes | L34: Title to verify; reviewed Apr 2000 | M34: https://www.sundaytimes.lk/000423/plus3.html
A35: BK-0034 | B35: 1999 | D35: Studies in Sri Lankan Tamil Linguistics and Culture | E35: K. Balasubramaniyam, K. Ratnamalar, R. Subathini (eds.) | F35: Sri Lanka Offset Service, Chennai | G35: Book | H35: English | J35: culture; linguistics | K35: Yes | L35: 454 pp. | M35: https://unioncatalogue.dlp.gov.lk/Record/poin.4050/Description
A36: BK-0035 | B36: 1994 | D36: Epigraphia Zeylanica Vol. 3 (reprint) | E36: H. W. Codrington, S. Paranavitana | F36: Asian Educational Services | G36: Book | H36: English | I36: Inscriptions / கல்வெட்டு | J36: inscriptions; epigraphy | K36: No (earlier reference) | L36: Noolaham No. 4227; reprint (outside 30-year window, kept as reference) | M36: https://noolaham.org/wiki/index.php/Epigraphia_Zeylanica_3
A37: BK-0036 | B37: 1993 | D37: கோணேசர் கல்வெட்டு (Koneswara Inscription) | E37: I. Vadivel | F37: Department of Hindu Religious and Cultural Affairs | G37: Book | H37: Tamil | I37: Inscriptions / கல்வெட்டு | J37: கல்வெட்டு; Koneswaram; Trincomalee | K37: No (earlier reference) | L37: Noolaham No. 4824; 136 pp. | M37: https://noolaham.org/wiki/index.php/%E0%AE%95%E0%AF%8B%E0%AE%A3%E0%AF%87%E0%AE%9A%E0%AE%B0%E0%AF%8D_%E0%AE%95%E0%AE%B2%E0%AF%8D%E0%AE%B5%E0%AF%86%E0%AE%9F%E0%AF%8D%E0%AE%9F%E0%AF%81
A38: BK-0037 | B38: 1993 | D38: பூநகரி தொல்பொருளாய்வு (Poonakary Archaeological Survey) | E38: P. Pushparatnam | F38: University of Jaffna | G38: Book | H38: Tamil | I38: Brahmi / பிராமி; Archaeology / தொல்லியல் | J38: தொல்லியல்; Poonakari; Tamil Brahmi; potsherds | K38: No (earlier reference) | L38: Noolaham No. 67260; 238 pp. | M38: https://noolaham.org/wiki/index.php/%E0%AE%AA%E0%AF%82%E0%AE%A8%E0%AE%95%E0%AE%B0%E0%AE%BF_%E0%AE%A4%E0%AF%8A%E0%AE%B2%E0%AF%8D%E0%AE%AA%E0%AF%8A%E0%AE%B0%E0%AF%81%E0%AE%B3%E0%AE%BE%E0%AE%AF%E0%AF%8D%E0%AE%B5%E0%AF%81
A39: BK-0038 | B39: 1993 | D39: வட இலங்கையில் சிங்கைநகர் | E39: P. Pushparatnam | F39: Fr. G. A. Francis Joseph Manivila Committee | G39: Book | H39: Tamil | I39: Archaeology / தொல்லியல் | J39: Singai Nagar; archaeology | K39: No (earlier reference) | L39: Noolaham No. 38966; 56 pp. | M39: https://noolaham.org/wiki/index.php/வட_இலங்கையில்_சிங்கைநகர்
A40: BK-0039 | B40: 1992 | D40: தமிழர் வரலாறும் இலங்கை இடப்பெயர் ஆய்வும் | E40: Kathir Thanikasalam | F40: Saravana Pathippagam | G40: Book | H40: Tamil | J40: place names; history | K40: No (earlier reference) | L40: Noolaham No. 4510; 267 pp. | M40: https://noolaham.org/wiki/index.php/தமிழர்_வரலாறும்_இலங்கை_இடப்பெயர்_ஆய்வும்
A41: BK-0040 | B41: 1987 | D41: Early Settlements in Jaffna: An Archaeological Survey | E41: P. Ragupathy | F41: Thillimalar Ragupathy, Madras | G41: Book | H41: English | I41: Archaeology / தொல்லியல் | J41: தொல்லியல்; Jaffna; settlements | K41: No (earlier reference) | L41: Pre-1996 reference | M41: https://noolaham.net/project/18/1733/1733.html
A42: BK-0041 | B42: 1971 | D42: Ceylon Tamil Inscriptions, Parts I-II (1971-1972) | E42: A. Veluppillai | F42: Author, Peradeniya | G42: Book | H42: English | I42: Inscriptions / கல்வெட்டு | J42: கல்வெட்டு; corpus | K42: No (earlier reference) | L42: Pre-1996 reference | M42: https://find.library.upenn.edu/catalog/997779313503681
A43: BK-0042 | B43: 1971 | D43: Epigraphia Tamilica, Vol. I, Part I | E43: K. Indrapala (ed.) | F43: Jaffna Archaeological Society | G43: Book | H43: English | I43: Inscriptions / கல்வெட்டு | J43: கல்வெட்டு; corpus | K43: No (earlier reference) | L43: Pre-1996 reference | M43: https://www.lankapradeepa.com/2020/04/tamil-inscriptions-in-sri-lanka_16.html
A44: BK-0043 | D44: Culture and Heritage of the Tamils | F44: Noolaham digital library | G44: Book | H44: English | I44: Archaeology / தொல்லியல் | J44: heritage | K44: Unknown | L44: Details to verify | M44: https://noolaham.net/project/977/97628/97628.pdf
A45: BK-0044 | D45: Nallur Rajadhani: City Layout | E45: V. N. Giritharan | F45: Noolaham digital library | G45: Book | H45: English | I45: Archaeology / தொல்லியல் | J45: Nallur; Jaffna kingdom; archaeology | K45: Unknown | L45: Year to verify | M45: https://noolaham.net/project/1316/131542/131542.pdf
A46: BK-0045 | D46: Tamil Place Names as Gleaned from the Brahmi Inscriptions of Sri Lanka | E46: P. Pushparatnam | G46: Book | H46: English | I46: Inscriptions / கல்வெட்டு; Brahmi / பிராமி | J46: பிராமி; place names; inscriptions | K46: Unknown | L46: Noolaham No. 4137; 64 pp.; year unknown (to verify) | M46: https://noolaham.org/wiki/index.php/Tamil_Place_Names_as_Gleaned_from_the_Brahmi_Inscriptions_of_Sri_Lanka
A47: BK-0046 | D47: The Untold Story of Ancient Tamils in Sri Lanka | F47: University of Vavuniya library catalogue | G47: Book | H47: English | I47: Archaeology / தொல்லியல் | J47: ancient Tamils; archaeology | K47: Unknown | L47: Author/year to verify (K. Arunthavarajah?) | M47: http://lib.vau.jfn.ac.lk/cgi-bin/koha/opac-detail.pl?biblionumber=44042&shelfbrowse_itemnumber=55269
A48: BK-0047 | D48: இலங்கைத் தமிழரும் நாகநாட்டு அரச மரமும் | E48: P. Pushparatnam | G48: Book | H48: Tamil | I48: Archaeology / தொல்லியல் | J48: Naga; archaeology | K48: Unknown | L48: Details to verify (Noolaham rate-limited) | M48: https://noolaham.org/wiki/index.php/பகுப்பு:புஷ்பரட்ணம்,_பரமு

Sheet Research Papers
A1: ID | B1: Year | C1: Date | D1: Title | E1: Author / Editor | F1: Publisher / Source | G1: Type | H1: Language | I1: Themes | J1: Keywords | K1: Within 1996-2026 | L1: Notes | M1: URL
A2: RP-0001 | B2: 2026 | D2: Hindu Idols Revealing the Cultural Connections between Northern Sri Lanka and South India | E2: S. Aniththa, Ushanthy Arunpirasanth | F2: First International Conference in Saiva Siddhanta, University of Jaffna | G2: Conference paper | H2: English | I2: Archaeology / தொல்லியல் | J2: sculpture; archaeology | K2: Yes | M2: https://www.his.jfn.ac.lk/index.php/__trashed/
A3: RP-0002 | B3: 2026 | C3: 2026-01-01 | D3: Human Skeleton of Kithulgala Beli-lena rockshelter in Sri Lanka | E3: Pahiyangala Sumangala, Nimal Perera | F3: Social Science and Humanities Journal | G3: Article | H3: English | K3: Yes | L3: OpenAlex query: rock art Sri Lanka. Auto-collected 2026-10-14 (openalex); review. | M3: https://doi.org/10.18535/sshj.v10i08.2489
A4: RP-0003 | B4: 2026 | C4: 2026-01-01 | D4: Tamil Words in Early Prakrit Inscriptions in Sri Lanka | E4: Karan Damodaram Pillai | F4: SSRN Electronic Journal | G4: Preprint | H4: English | I4: Inscriptions / கல்வெட்டு | J4: inscription; inscriptions | K4: Yes | L4: OpenAlex query: Tamil inscription Sri Lanka. Auto-collected 2026-10-14 (openalex); review. | M4: https://doi.org/10.2139/ssrn.6422478
A5: RP-0004 | B5: 2026 | C5: 2026-02-01 | D5: Reinterpreting encounters: comparative study of William of Rubruck's travelogue and Sri Lankan inscriptions in medieval road contexts | E5: Madhavi Madhushani Kahapala Arachchi | G5: Dissertation | H5: English | I5: Inscriptions / கல்வெட்டு | J5: inscription; inscriptions | K5: Yes | L5: OpenAlex query: Tamil inscription Sri Lanka. Auto-collected 2026-10-14 (openalex); review. | M5: https://doi.org/10.48336/247
A6: RP-0005 | B6: 2026 | C6: 2026-04-01 | D6: Coastal foragers beyond the mainland: Seafaring and early island settlement on Velanai, Jaffna, Sri Lanka, ca. 3460 cal BP | E6: Thilanka M. Siriwardana, Indika Ruwan Jayasekara, Janeena Nonis, Nadeera H. Dissanayake, Jude Perera | F6: The Journal of Island and Coastal Archaeology | G6: Article | H6: English | I6: Archaeology / தொல்லியல் | K6: Yes | L6: OpenAlex query: Jaffna archaeology. Auto-collected 2026-10-14 (openalex); review. | M6: https://doi.org/10.1080/15564894.2026.2624853
A7: RP-0006 | B7: 2026 | C7: 2026-04-04 | D7: Late quaternary shell deposits in Northwestern Sri Lanka: New data on chronology, stratigraphy, and contents | E7: Thilanka M. Siriwardana, Indika Ruwan Jayasekara, Nadeera H. Dissanayake | F7: Quaternary International | G7: Article | H7: English | K7: Yes | L7: OpenAlex query: Jaffna archaeology. Auto-collected 2026-10-14 (openalex); review. | M7: https://doi.org/10.1016/j.quaint.2026.110251
A8: RP-0007 | B8: 2026 | C8: 2026-04-14 | D8: Myanmar’s Prehistoric Rock Art: a Comparative Study with Assam and Sri Lanka | E8: Win Pa Pa Lwin, Pyiet Phyo Kyaw | F8: The South East Asian Review | G8: Journal article | H8: English | I8: Rock art / பாறை ஓவியம் | J8: rock art | K8: Yes | L8: Crossref query: rock art Sri Lanka. Auto-collected 2026-10-14 (crossref); review. | M8: https://doi.org/10.32381/sear.2025.50.9
A9: RP-0008 | B9: 2026 | C9: 2026-07-01 | D9: Communicative Practices and Societal Structures: Insights from Early Brahmi Inscriptions in Sri Lanka (3rd Century BCE–1st Century CE) | E9: J. D. A. Kumara | F9: KDU Journal of Multidisciplinary Studies | G9: Article | H9: English | I9: Inscriptions / கல்வெட்டு; Brahmi / பிராமி | J9: inscription; inscriptions; brahmi | K9: Yes | L9: OpenAlex query: Tamil inscription Sri Lanka. Auto-collected 2026-10-14 (openalex); review. | M9: https://doi.org/10.4038/kjms.v8i1.183
A10: RP-0009 | B10: 2026 | C10: 2026-07-06 | D10: Ornaments of Microlithic Period in Sri Lanka: Based on Cultural Deposit in Rock Shelters | E10: Pahiyangala Sumangala | F10: Pravacana | G10: Article | H10: English | K10: Yes | L10: OpenAlex query: rock art Sri Lanka. Auto-collected 2026-10-14 (openalex); review. | M10: https://doi.org/10.4038/p.v16i1.58
A11: RP-0010 | B11: 2026 | C11: 2026-07-07 | D11: Localizing Heritage: Archaeologies of the Recent Past in Postwar Jaffna, Sri Lanka | E11: Gill Juleff, Thamotharampillai Sanathanan, Ruth Young, John P. Cooper, Emma Dwyer, Adrián Oyaneder | F11: Historical Archaeology | G11: Journal article | H11: English | I11: Archaeology / தொல்லியல் | K11: Yes | L11: Crossref query: Jaffna archaeology. Auto-collected 2026-10-14 (crossref); review. | M11: https://doi.org/10.1007/s41636-026-00636-0
A12: RP-0011 | B12: 2026 | C12: 2026-09-21 | D12: A Historical Study of the Tamil Inscriptions Discovered at the Buddhist Heritage Site of Velgam Vehera | E12: U.S.Y. Sahan Mahesh Senarath yapa | F12: Zenodo (CERN European Organization for Nuclear Research) | G12: Conference paper | H12: English | I12: Inscriptions / கல்வெட்டு; Archaeology / தொல்லியல் | J12: inscription; inscriptions | K12: Yes | L12: OpenAlex query: Tamil inscription Sri Lanka. Auto-collected 2026-10-14 (openalex); review. | M12: https://doi.org/10.5281/zenodo.22870959
A13: RP-0012 | B13: 2025 | D13: Investigation of Ancient Pre-colonial Monuments in Jaffna, Sri Lanka | F13: NIIBS Faculty of Humanities & Social Sciences | G13: Journal article | H13: English | I13: Archaeology / தொல்லியல் | J13: monuments; Jaffna | K13: Yes | L13: Upload Feb 2025 | M13: https://fhss.niibs.lk/wp-content/uploads/2025/02/Investigation-of-Ancient-Pre-colonial-Monuments-in-Jaffna-Sri-Lanka.pdf
A14: RP-0013 | B14: 2025 | D14: The Chola Rule that Shed Light on the History of Sri Lankan Tamils: A Historical Perspective | E14: S. Aniththa | F14: International Archaeological Conference 2025, International Tamizhkkalvi Research Institute, Tamil Nadu | G14: Conference paper | H14: Tamil | I14: Inscriptions / கல்வெட்டு | J14: Chola; inscriptions | K14: Yes | M14: https://www.his.jfn.ac.lk/index.php/__trashed/
A15: RP-0014 | B15: 2025 | C15: 2025-03-08 | D15: Palimpsests: Material Religion and Political Archaeology at Kurunthaloor Vihara, Sri Lanka | E15: A. Suganthan | F15: AAR Southeast Regional Conference (AARSE 2025), Florida | G15: Conference paper | H15: English | I15: Archaeology / தொல்லியல் | J15: Kurunthurmalai; political archaeology | K15: Yes | M15: https://www.his.jfn.ac.lk/index.php/mrs-ajiththa-suganthan/
A16: RP-0015 | B16: 2025 | C16: 2025-05-15 | D16: පලනනර අවධය මරට අභයනතර වළඳ නගරවල කරයකරතවය සහ වදශ වළඳ ශරණවල භමකව [The Operation of the Country's Internal Trading Hubs and the Role of Foreign Trade Guilds During the Polonnaruwa Period] | E16: M. K. L. Irangani | F16: Pravacana | G16: Article | H16: English | K16: Yes | L16: OpenAlex query: Jaffna archaeology. Auto-collected 2026-10-14 (openalex); review. | M16: https://doi.org/10.4038/p.v15i2.21
A17: RP-0016 | B17: 2025 | C17: 2025-06-30 | D17: THE SIGIRIYA MURALS OF SRI LANKA: A COMPREHENSIVE ART HISTORICAL ANALYSIS | E17: Independent Researcher, KHUSHALI JAIN | F17: VESTIGIA INDICA BSSS Journal of History & Archaeology | G17: Article | H17: English | K17: Yes | L17: OpenAlex query: rock art Sri Lanka. Auto-collected 2026-10-14 (openalex); review. | M17: https://doi.org/10.51767/jha0308
A18: RP-0017 | B18: 2025 | C18: 2025-10-17 | D18: Interactions between Northern Sri Lanka and South India: A Study Based on the Yalppana Vaipavamalai | E18: G. Jeyatheeswaran, R. Udaiachandran | F18: HuSS International Journal of Research in Humanities and Social Sciences | G18: Article | H18: English | K18: Yes | L18: OpenAlex query: Tamil inscription Sri Lanka. Auto-collected 2026-10-14 (openalex); review. | M18: https://doi.org/10.15613/hijrh/2025/v12i1/52698
A19: RP-0018 | B19: 2025 | C19: 2025-10-31 | D19: A STUDY OF NON-BRAHMI SYMBOLS CREATED FROM THE EARLY BRAHMI SCRIPT | E19: N. Bandara | F19: Third Desk Research Conference | G19: Proceedings article | H19: English | I19: Brahmi / பிராமி | J19: brahmi | K19: Yes | L19: Crossref query: Tissamaharama Brahmi. Auto-collected 2026-10-14 (crossref); review. | M19: https://doi.org/10.64920/drc2025027
A20: RP-0019 | B20: 2025 | C20: 2025-12-01 | D20: Merchant Guilds as Agents of Trade, Military, and Religious Integration: Valangiyar and Manigramam Networks Across South India, Sri Lanka, and Southeast Asia | E20: Nayomi Dinuka Kekulawala, Dananjaya Gamalath | F20: Nāgānanda International Journal of Humanities & Social Sciences, Vol. 10, No. 05, pp. 40-51 | G20: Journal article | H20: English | I20: Inscriptions / கல்வெட்டு | J20: merchant guilds; Valanjiyar; Manigramam; inscriptions | K20: Yes | M20: https://nijhss.niibs.lk/download/?id=52
A21: RP-0020 | B21: 2025 | C21: 2025-12-20 | D21: SRI LANKAN MARITIME LAW GOES BACK TO THE SECOND CENTURY BC | E21: Faiz Marikar | F21: Crisia | G21: Article | H21: English | K21: Yes | L21: OpenAlex query: Tamil inscription Sri Lanka. Auto-collected 2026-10-14 (openalex); review. | M21: https://doi.org/10.66142/crisia.2025.06
A22: RP-0021 | B22: 2025 | C22: 2025-12-29 | D22: Collective and Proactive Female Patronage in Sri Lankan Buddhist Temple Art | E22: Dulma Karunarathna | F22: Ancient Lanka | G22: Article | H22: English | K22: Yes | L22: OpenAlex query: Tamil inscription Sri Lanka. Auto-collected 2026-10-14 (openalex); review. | M22: https://doi.org/10.29173/anlk856
A23: RP-0022 | B23: 2025 | C23: 2025-12-29 | D23: Stone, Symbol, and Leisure: A Reassessment of Geometric Symbols on the Stone-Paved Terrace of Jetavana Stupa, Sri Lanka | E23: K.W. Chithramala Tharangani | F23: Ancient Lanka | G23: Journal article | H23: English | K23: Yes | L23: Crossref query: hero stone Sri Lanka. Auto-collected 2026-10-14 (crossref); review. | M23: https://doi.org/10.29173/anlk872
A24: RP-0023 | B24: 2025 | C24: 2025-12-30 | D24: Reconstructing Past Settlements through Soil Characterization: Vessagiriya, Sri Lanka | E24: Chammi P. Attanayake, Ranjith B. Mapa, Sudharshan Seneviratne, Dulma Karunarathna | F24: Ancient Lanka | G24: Article | H24: English | I24: Archaeology / தொல்லியல் | K24: Yes | L24: OpenAlex query: Tamil inscription Sri Lanka. Auto-collected 2026-10-14 (openalex); review. | M24: https://doi.org/10.29173/anlk858
A25: RP-0024 | B25: 2025 | C25: 2025-12-31 | D25: இலஙகயன பழஙகட இனததவரகளன வடவர சமகததன மழயம, பணபடடமசஙகளம. The language and cultural aspects of the Veddah community, the indigenous people of Sri Lanka | E25: T. Yujanthan | F25: Journal of Tamil Peraivu | G25: Article | H25: English | K25: Yes | L25: OpenAlex query: Tamil inscription Sri Lanka. Auto-collected 2026-10-14 (openalex); review. | M25: https://doi.org/10.22452/jtp.vol14no2.12
A26: RP-0025 | B26: 2024 | D26: Serpent Deities (Nagas) in Ancient Sri Lanka: Evidence from the Kaddukarai Excavation | E26: A. Suganthan | F26: More-than-human Religion conference, Florida State University | G26: Conference paper | H26: English | I26: Archaeology / தொல்லியல் | J26: Naga; Kattukarai excavation | K26: Yes | M26: https://www.his.jfn.ac.lk/index.php/mrs-ajiththa-suganthan/
A27: RP-0026 | B27: 2024 | D27: The Role of Tamil Language in Sinhala Kingdoms during the Early and Medieval Period of Sri Lanka | E27: S. Aniththa | F27: 12th International Symposium, South Eastern University of Sri Lanka | G27: Conference paper | H27: English | I27: Inscriptions / கல்வெட்டு | J27: Tamil inscriptions; language | K27: Yes | M27: https://www.his.jfn.ac.lk/index.php/__trashed/
A28: RP-0027 | B28: 2024 | C28: 2024-02-23 | D28: Heritage and decoloniality: Reflections from Sri Lanka—A conversation | E28: Hasini Haputhanthri, Gill Juleff, Thamotharampillai Sanathanan | F28: American Anthropologist | G28: Article | H28: English | I28: Archaeology / தொல்லியல் | K28: Yes | L28: OpenAlex query: Jaffna archaeology. Auto-collected 2026-10-14 (openalex); review. | M28: https://doi.org/10.1111/aman.13949
A29: RP-0028 | B29: 2024 | C29: 2024-05-15 | D29: Cheng Ho's Visits to Sri Lanka and the discovery of Oldest Arwi Script Found in Galle Trilingual Inscription | E29: Faiz M. M. T. Marikar, Manjula Karunathilaka | F29: International Journal of Modern Anthropology | G29: Article | H29: English | I29: Inscriptions / கல்வெட்டு | J29: inscription | K29: Yes | L29: OpenAlex query: Tamil inscription Sri Lanka. Auto-collected 2026-10-14 (openalex); review. | M29: https://doi.org/10.4314/ijma.v3i21.3
A30: RP-0029 | B30: 2024 | C30: 2024-12-29 | D30: From Early Migrations to Colonial Encounters: Archaeological Research on the Mannar-Jaffna Seaboard, Sri Lanka | E30: Thilanka M. Siriwardana | F30: Ancient Lanka | G30: Article | H30: English | I30: Archaeology / தொல்லியல் | J30: archaeological | K30: Yes | L30: OpenAlex query: Jaffna archaeology. Auto-collected 2026-10-14 (openalex); review. | M30: https://doi.org/10.29173/anlk817
A31: RP-0030 | B31: 2024 | C31: 2024-12-29 | D31: Historical Demaḷa Mahā Sǣya of Polonnaruwa, Sri Lanka: An Archaeological Analysis of its Construction Technology | E31: Priyantha Marasinghe, Nimal Perera | F31: Ancient Lanka | G31: Journal article | H31: English | I31: Archaeology / தொல்லியல் | J31: archaeological | K31: Yes | L31: Crossref query: Polonnaruwa Tamil inscription. Auto-collected 2026-10-14 (crossref); review. | M31: https://doi.org/10.29173/anlk838
A32: RP-0031 | B32: 2023 | D32: 'Thana' given by Sri Lankan women as reflected through literature and inscription sources | E32: S. Aniththa | F32: National Conference on Historical Studies, University of Kelaniya | G32: Conference paper | H32: English | I32: Inscriptions / கல்வெட்டு | J32: inscriptions; donations | K32: Yes | M32: https://www.his.jfn.ac.lk/index.php/__trashed/
A33: RP-0032 | B33: 2023 | D33: Influence of Hinduism during the Gampola Kingdom - A Study Based on the Inscriptions | E33: Ushanthy Arunpirasanth | F33: 2nd National Research Symposium on Social Sciences and Humanities, Rajarata University | G33: Conference paper | H33: English | I33: Inscriptions / கல்வெட்டு | J33: inscriptions; Gampola | K33: Yes | M33: https://www.his.jfn.ac.lk/index.php/ms-mahalingam-ushanthy/
A34: RP-0033 | B34: 2023 | D34: Integrative Approaches in Archaeology: The Imperative for Multidisciplinary Research | E34: A. Suganthan, P. Pushparatnam | F34: Nāgānanda International Journal of Humanities and Social Science, 1(1), pp. 1-13 | G34: Journal article | H34: English | I34: Archaeology / தொல்லியல் | J34: archaeology; methodology | K34: Yes | M34: https://www.his.jfn.ac.lk/index.php/mrs-ajiththa-suganthan/
A35: RP-0034 | B35: 2023 | D35: Ipankadduwa Megalithic Centre and Museum | E35: Thulasika Dineshan | F35: INTSYM 2023, South Eastern University of Sri Lanka | G35: Conference paper | H35: English | I35: Archaeology / தொல்லியல் | J35: megalithic; Ibbankatuwa | K35: Yes | M35: https://www.his.jfn.ac.lk/?p=1706
A36: RP-0035 | B36: 2023 | D36: Some considerations on Dutch colonial architecture: The Kruys church at Jaffna Fort | E36: A. Suganthan | F36: Archaeology: South Asian Journal of Archaeology, University of Kelaniya | G36: Journal article | H36: English | I36: Archaeology / தொல்லியல் | J36: archaeology; Jaffna Fort | K36: Yes | M36: https://www.his.jfn.ac.lk/index.php/mrs-ajiththa-suganthan/
A37: RP-0036 | B37: 2023 | D37: Tevaratiyars (Women of Temples) in Sri Lanka: A Study Based on Epigraphy | E37: S. Aniththa | F37: 1st International Conference on Gender Studies, University of Sri Jayewardenepura | G37: Conference paper | H37: English | I37: Inscriptions / கல்வெட்டு | J37: epigraphy; கல்வெட்டு | K37: Yes | M37: https://www.his.jfn.ac.lk/index.php/__trashed/
A38: RP-0037 | B38: 2023 | D38: The Role of Brahmins in the Sinhalese Monarchy: A Study Based on the Kingdom of Anuradhapura | E38: S. Aniththa | F38: 2nd National Research Symposium, Rajarata University of Sri Lanka | G38: Conference paper | H38: English | I38: Inscriptions / கல்வெட்டு; Brahmi / பிராமி | J38: Brahmins; inscriptions | K38: Yes | M38: https://www.his.jfn.ac.lk/index.php/__trashed/
A39: RP-0038 | B39: 2023 | D39: The Role of Tamil Officers in Sinhalese Monarchy up to 13th Century A.D.: A Review | E39: S. Aniththa | F39: 11th International Symposium, South Eastern University of Sri Lanka | G39: Conference paper | H39: English | I39: Inscriptions / கல்வெட்டு | J39: inscriptions; officials | K39: Yes | M39: https://www.his.jfn.ac.lk/index.php/__trashed/
A40: RP-0039 | B40: 2023 | C40: 2023-04-01 | D40: Kalinga in Sri Lankan Historiography | E40: Chrisdina Nirojini Mosasrupan | F40: Shanlax International Journal of Tamil Research | G40: Journal article | H40: Tamil | I40: Inscriptions / கல்வெட்டு | J40: Kalinga Magha; inscriptions | K40: Yes | L40: Year to verify | M40: https://shanlaxjournals.in/journals/index.php/tamil/article/view/6193
A41: RP-0040 | B41: 2023 | C41: 2023-04-01 | D41: Role of Brahmins in Society of Eastern Province, Sri Lanka | E41: Gowry Luxmykanthan | F41: Shanlax International Journal of Tamil Research | G41: Article | H41: English | I41: Brahmi / பிராமி | J41: brahmi | K41: Yes | L41: OpenAlex query: Tamil inscription Sri Lanka. Auto-collected 2026-10-14 (openalex); review. | M41: https://doi.org/10.34293/tamil.v7i4.6183
A42: RP-0041 | B42: 2023 | C42: 2023-05-31 | D42: EXAMINING THE MUSLIM NUMISMATIC EVIDENCE IN SRI LANKA TO COMPREHEND THE MUSLIM HERITAGE | E42: Jesmil Abdul Raheem, Shakirullah | F42: Pakistan Journal of Social Research | G42: Article | H42: English | I42: Archaeology / தொல்லியல்; Coins / நாணயம் | K42: Yes | L42: OpenAlex query: Jaffna archaeology. Auto-collected 2026-10-14 (openalex); review. | M42: https://doi.org/10.52567/pjsr.v5i02.1343
A43: RP-0042 | B43: 2023 | C43: 2023-12-28 | D43: தரகணமல கயல மரபல பணணடயரகள - ஒர வரலறற நகக (Temple Girls in Trincomalee Tradition - A Historical Perspective) | E43: Chrisdina Nirojini Mosasrupan, Gowry Luxmykanthan | F43: Journal of Tamil Peraivu | G43: Article | H43: English | K43: Yes | L43: OpenAlex query: Polonnaruwa Tamil inscription. Auto-collected 2026-10-14 (openalex); review. | M43: https://doi.org/10.22452/jtp.vol12no2.10
A44: RP-0043 | B44: 2023 | C44: 2023-12-30 | D44: Reconstruction of The Historical Landscape of Colombo with Archaeological References | E44: S.D.Y. Jayarathne, Charmalie Nahallage | F44: TRIVALENT ත්‍රිසංයුජ Journal of Archaeology Tourism & Anthropology | G44: Article | H44: English | I44: Archaeology / தொல்லியல் | J44: archaeological | K44: Yes | L44: OpenAlex query: Jaffna archaeology. Auto-collected 2026-10-14 (openalex); review. | M44: https://doi.org/10.4038/tjata.v4i1.91
A45: RP-0044 | B45: 2022 | D45: Ancient Ceylon No. 27 (Journal of the Department of Archaeology) | E45: Department of Archaeology | F45: Department of Archaeology, Sri Lanka | G45: Journal article | H45: English | I45: Inscriptions / கல்வெட்டு; Archaeology / தொல்லியல் | J45: archaeology journal; inscriptions | K45: Yes | L45: Upload date 2022 | M45: https://archaeology.gov.lk/media/attachments/2022/09/07/ac27updated.pdf
A46: RP-0045 | B46: 2022 | D46: Archaeological Surveys and Their Importance in Respect of Northern Sri Lanka | E46: S. Sajitharan | F46: IntSym 2022, South Eastern University of Sri Lanka | G46: Conference paper | H46: English | I46: Archaeology / தொல்லியல் | J46: archaeological survey | K46: Yes | M46: https://www.his.jfn.ac.lk/?p=791
A47: RP-0046 | B47: 2022 | D47: Pre-colonial Monuments in Jaffna, Sri Lanka | E47: A. Suganthan | F47: Nagananda International Journal of Humanities & Social Sciences | G47: Journal article | H47: English | I47: Archaeology / தொல்லியல் | J47: monuments; Jaffna | K47: Yes | M47: https://www.his.jfn.ac.lk/index.php/mrs-ajiththa-suganthan/
A48: RP-0047 | B48: 2022 | D48: Socio-Economic Conditions of Vanni Region through the Brahmi Inscriptions - Based on Vavuniya Region | E48: Thulasika Dineshan | F48: INTSYM 2022, South Eastern University of Sri Lanka | G48: Conference paper | H48: English | I48: Inscriptions / கல்வெட்டு; Brahmi / பிராமி | J48: பிராமி; கல்வெட்டு; Vanni; Vavuniya | K48: Yes | M48: https://www.his.jfn.ac.lk/?p=1706
A49: RP-0048 | B49: 2022 | C49: 2022-01-01 | D49: INDIA – SRI LANKA BUDDHIST CULTURAL RELATIONS (SIXTH CENTURY CE TO THE TWELFTH CENTURY CE) | E49: Sumudu Dharmarathna | F49: JOURNAL OF HISTORY ART AND ARCHAEOLOGY | G49: Article | H49: English | K49: Yes | L49: OpenAlex query: Polonnaruwa Tamil inscription. Auto-collected 2026-10-14 (openalex); review. | M49: https://doi.org/10.47509/jhaa.2022.v02i01.06
A50: RP-0049 | B50: 2022 | C50: 2022-02-25 | D50: Visual Inscriptions upon Landscapes of Loss | E50: Malathi de Alwis | F50: Routledge eBooks | G50: Book chapter | H50: English | I50: Inscriptions / கல்வெட்டு | J50: inscription; inscriptions | K50: Yes | L50: OpenAlex query: Tamil inscription Sri Lanka. Auto-collected 2026-10-14 (openalex); review. | M50: https://doi.org/10.4324/9781003276753-9
A51: RP-0050 | B51: 2022 | C51: 2022-04-25 | D51: THE “DEVANAPIYA” KINGS AS TRACED FROM LITHIC ‘BRAHMI’ INSCRIPTIONS OF SRI LANKA | E51: , ID Manthilake | F51: Proceedings of the 2nd International Conference on Archaeology, History and Heritage | G51: Proceedings article | H51: English | I51: Inscriptions / கல்வெட்டு; Brahmi / பிராமி | J51: inscription; inscriptions; brahmi | K51: Yes | L51: Crossref query: Tamil Brahmi Sri Lanka. Auto-collected 2026-10-14 (crossref); review. | M51: https://doi.org/10.17501/26510243.2021.2101
A52: RP-0051 | B52: 2022 | C52: 2022-08-27 | D52: A study of the Dathan Inscription | E52: Murugu Thayanithy | F52: Indian Journal of Tamil | G52: Journal article | H52: English | I52: Inscriptions / கல்வெட்டு | J52: inscription | K52: Yes | L52: Crossref query: Polonnaruwa Tamil inscription. Auto-collected 2026-10-14 (crossref); review. | M52: https://doi.org/10.54392/ijot2236
A53: RP-0052 | B53: 2022 | C53: 2022-09-22 | D53: Early Iron Production in Sri Lanka: An Archaeological and Geochemical Approach to the Yodhawewa Metallurgical Settlement | E53: Wijepala Mudiyanselage Tikiri Bandara Wijepala | F53: Institutional Repositories DataBase (IRDB) | G53: Dissertation | H53: English | I53: Archaeology / தொல்லியல் | J53: archaeological | K53: Yes | L53: OpenAlex query: Tamil Brahmi Sri Lanka. Auto-collected 2026-10-14 (openalex); review. | M53: https://ir.lib.shimane-u.ac.jp/54548
A54: RP-0053 | B54: 2022 | C54: 2022-10-21 | D54: Dr. Siran Deraniyagala: The Archaeologist who Connected North and South Sri Lanka | E54: P. Pushparatnam | F54: Mount Royal University journal (ANLK) | G54: Article | H54: English | I54: Archaeology / தொல்லியல் | J54: archaeology; Jaffna | K54: Yes | M54: https://mrujs.mtroyal.ca/index.php/anlk/article/view/634
A55: RP-0054 | B55: 2022 | C55: 2022-12-01 | D55: Megalithic Cemeteries and Land Use in the Yān Oya River Basin of Sri Lanka | E55: Ranjith Bandara Dissanayake | F55: Ancient Lanka | G55: Article | H55: English | I55: Archaeology / தொல்லியல் | J55: megalithic | K55: Yes | L55: OpenAlex query: Tamil Brahmi Sri Lanka. Auto-collected 2026-10-14 (openalex); review. | M55: https://doi.org/10.29173/anlk655
A56: RP-0055 | B56: 2022 | C56: 2022-12-06 | D56: Evidence-Based Anthropological Exploration of Lanka's People | E56: Samanti Kulatilake | F56: Ancient Lanka | G56: Article | H56: English | K56: Yes | L56: OpenAlex query: Tamil Brahmi Sri Lanka. Auto-collected 2026-10-14 (openalex); review. | M56: https://doi.org/10.29173/anlk635
A57: RP-0056 | B57: 2022 | C57: 2022-12-07 | D57: Maritime Trade Pattern and Early Urbanism in the Jaffna Peninsula of Northern Sri Lanka | E57: Prishanta Gunawardhana | F57: Ancient Lanka | G57: Article | H57: English | K57: Yes | L57: OpenAlex query: Tamil Brahmi Sri Lanka. Auto-collected 2026-10-14 (openalex); review. | M57: https://doi.org/10.29173/anlk658
A58: RP-0057 | B58: 2021 | D58: Archaeological Glories in Sri Lankan Museums | E58: S. Arulanantham | F58: Edited volume (ed. T. Mageswary) | G58: Book chapter | H58: Tamil | I58: Archaeology / தொல்லியல் | J58: museums; archaeology | K58: Yes | M58: https://www.his.jfn.ac.lk/index.php/mrs-s-arulanantham/
A59: RP-0058 | B59: 2021 | D59: Influences of Natural Science on Archaeology | E59: Thulasika Dineshan | F59: Aran International Journal of Tamil Research, Vol. 3, Issue 2 | G59: Journal article | H59: Tamil | I59: Archaeology / தொல்லியல் | J59: தொல்லியல்; method | K59: Yes | M59: https://www.his.jfn.ac.lk/?p=1706
A60: RP-0059 | B60: 2021 | D60: Matrimonial Alliances between Tamil and Sinhala Royal Families in Sri Lanka: A Historical View | E60: S. Aniththa | F60: Journal of Jaffna Science Association, Vol. 3, Issue I | G60: Journal article | H60: English | I60: Inscriptions / கல்வெட்டு | J60: inscriptions; royal history | K60: Yes | M60: https://www.his.jfn.ac.lk/index.php/__trashed/
A61: RP-0060 | B61: 2021 | D61: Tamil Inscription Issued by Sinhala Kings during the Period of Polonnaruwa Kingdom: A Multi Dimensions | E61: S. Aniththa, P. Pushparatnam | F61: Palkalai, Vol. 2, Issue IX, Faculty of Arts, University of Peradeniya | G61: Journal article | H61: Tamil | I61: Inscriptions / கல்வெட்டு | J61: கல்வெட்டு; Polonnaruwa | K61: Yes | M61: https://www.his.jfn.ac.lk/index.php/__trashed/
A62: RP-0061 | B62: 2021 | C62: 2021-01-01 | D62: Sri Lanka and Greco-Roman Maritime Trade Relations (According to Literary Sources & Archaeological Evidence) | E62: Don Sashika Anushan Munasinghe | F62: International Journal of Archaeology | G62: Article | H62: English | I62: Archaeology / தொல்லியல் | J62: archaeological | K62: Yes | L62: OpenAlex query: Tamil inscription Sri Lanka. Auto-collected 2026-10-14 (openalex); review. | M62: https://doi.org/10.11648/j.ija.20210902.14
A63: RP-0062 | B63: 2021 | C63: 2021-01-19 | D63: An Artifact Assemblage from the Ancient Shipwreck at Godavaya, Sri Lanka | E63: Loyalty Nerys Shi We Traster-Lee | F63: OakTrust (Texas A&M University Libraries) | G63: Dissertation | H63: English | K63: Yes | L63: OpenAlex query: Tamil inscription Sri Lanka. Auto-collected 2026-10-14 (openalex); review. | M63: https://hdl.handle.net/1969.1/193070
A64: RP-0063 | B64: 2021 | C64: 2021-01-19 | D64: Archaeological Research in Kaddukarai | E64: Thulasika Dineshan | F64: 9th SEUSL International Arts Research Symposium 2020, p. 28 (ISBN 9789556272536) | G64: Conference paper | H64: English | I64: Archaeology / தொல்லியல் | J64: தொல்லியல்; Kattukarai; excavation | K64: Yes | M64: https://dspace.lib.seu.ac.lk/items/d37186eb-584d-43c3-8284-8e7e285c22d1/full
A65: RP-0064 | B65: 2021 | C65: 2021-04-05 | D65: Nature of Prehistoric Archaeological Investigation and Research in Sri Lanka (1992 – 2019) | E65: D.S.A. Munasinghe, H.A.S.N. Hanchapola, N.A.D.M. Nissanka, A.H.M.J.M. Athapathtu | F65: Vidyodaya Journal of Humanities and Social Sciences | G65: Article | H65: English | I65: Archaeology / தொல்லியல் | J65: archaeological | K65: Yes | L65: OpenAlex query: Jaffna archaeology. Auto-collected 2026-10-14 (openalex); review. | M65: https://doi.org/10.31357/fhss/vjhss.v06i01.10
A66: RP-0065 | B66: 2021 | C66: 2021-06-10 | D66: Seven Years in Sihagiri Bim - An Account of a Sri Lankan-Swedish Collaboration in Settlement Archaeology in Sigiriya 1988—1995 | E66: Mats Mogren | F66: Current Swedish Archaeology | G66: Article | H66: English | I66: Archaeology / தொல்லியல் | J66: archaeology | K66: Yes | L66: OpenAlex query: Jaffna archaeology. Auto-collected 2026-10-14 (openalex); review. | M66: https://doi.org/10.37718/csa.1999.08
A67: RP-0066 | B67: 2021 | C67: 2021-06-10 | D67: Water Harvesting and Water Management: A Discussion of the Implications of Scale in Artificial Irrigation: the Sri Lankan Example | E67: Eva Myrdal-Runebjer | F67: Current Swedish Archaeology | G67: Article | H67: English | K67: Yes | L67: OpenAlex query: Tamil Brahmi Sri Lanka. Auto-collected 2026-10-14 (openalex); review. | M67: https://doi.org/10.37718/csa.2003.04
A68: RP-0067 | B68: 2021 | C68: 2021-12-30 | D68: An Investigative Study of Trade relations between Sri Lanka and South India mentioned in Tamil inscriptions of Sri Lanka | E68: K. D. M. H. Nanayakkara | F68: TRIVALENT ත්‍රිසංයුජ Journal of Archaeology Tourism & Anthropology | G68: Article | H68: English | I68: Inscriptions / கல்வெட்டு | J68: inscription; inscriptions | K68: Yes | L68: OpenAlex query: Tamil inscription Sri Lanka. Auto-collected 2026-10-14 (openalex); review. | M68: https://doi.org/10.4038/tjata.v2i2.66
A69: RP-0068 | B69: 2020 | D69: Amazing Discovery of Burials in Northern Sri Lanka | E69: S. Sajitharan | F69: Aran International e-Journal of Tamil Research, Vol. 2, Issue 7 | G69: Journal article | H69: Tamil | I69: Archaeology / தொல்லியல் | J69: burials; megalithic | K69: Yes | M69: https://www.his.jfn.ac.lk/?p=791
A70: RP-0069 | B70: 2020 | D70: Archaeological Heritage of Buddhism: A Study Based on Jaffna Peninsula | E70: S. Sajitharan | F70: CINTANAI (University of Jaffna) | G70: Journal article | H70: English | I70: Archaeology / தொல்லியல் | J70: archaeology; Buddhism | K70: Yes | M70: https://www.his.jfn.ac.lk/?p=791
A71: RP-0070 | B71: 2020 | D71: Megalithic Culture in Sri Lanka | E71: Thulasika Dineshan | F71: International Research Symposium, Pollachi, Tamil Nadu | G71: Conference paper | H71: English | I71: Archaeology / தொல்லியல் | J71: megalithic | K71: Yes | M71: https://www.his.jfn.ac.lk/?p=1706
A72: RP-0071 | B72: 2020 | D72: Painting and Its Special Preservation Activities - Based on Sigiriya Painting | E72: A. Suganthan | F72: National Research Symposium, Swami Vipulananda Institute of Aesthetic Studies, Eastern University | G72: Conference paper | H72: Tamil | I72: Rock art / பாறை ஓவியம் | J72: paintings; பாறை ஓவியம்; Sigiriya | K72: Yes | M72: https://www.his.jfn.ac.lk/index.php/mrs-ajiththa-suganthan/
A73: RP-0072 | B73: 2020 | D73: The Terracotta Figures that Reveal the Ancient Art History of the Tamil People - Based on Nagapaduwan | E73: Thulasika Dineshan | F73: National Research Symposium, Eastern University, Sri Lanka | G73: Conference paper | H73: English | I73: Archaeology / தொல்லியல் | J73: terracotta; Nagapaduvan; archaeology | K73: Yes | M73: https://www.his.jfn.ac.lk/?p=1706
A74: RP-0073 | B74: 2020 | C74: 2020-12-30 | D74: Glass Bead Making Technology in Ancient Sri Lanka | E74: P. R. A. Buddikasiri, A.K.R. Madhumali | F74: TRIVALENT ත්‍රිසංයුජ Journal of Archaeology Tourism & Anthropology | G74: Article | H74: English | K74: Yes | L74: OpenAlex query: Kantarodai. Auto-collected 2026-10-14 (openalex); review. | M74: https://doi.org/10.4038/tjata.v1i2.45
A75: RP-0074 | B75: 2019 | D75: Identifying the Archaeological Evidence Revealing Hero Stone Worship in Classical Tamil Literature and Thirukkural | E75: S. Sajitharan | F75: Thirukkural World Conference, Kuala Lumpur | G75: Conference paper | H75: Tamil | I75: Archaeology / தொல்லியல்; Hero stones / நடுகல் | J75: நடுகல்; hero stone | K75: Yes | M75: https://www.his.jfn.ac.lk/?p=791
A76: RP-0075 | B76: 2019 | D76: The Ancestor Worship & the Megalithic Burials - based on Thirukkural | E76: S. Sajitharan | F76: Thirukkural World Conference, Kuala Lumpur, pp. 237-245 | G76: Conference paper | H76: Tamil | I76: Archaeology / தொல்லியல் | J76: megalithic; burials | K76: Yes | M76: https://www.his.jfn.ac.lk/?p=791
A77: RP-0076 | B77: 2019 | D77: The Chola-period Hindu Temples and Culture in the Rule of Sinhala Kings: Based on Polonnaruwa Period | E77: S. Aniththa | F77: International Arts Research Symposium, South Eastern University | G77: Conference paper | H77: English | J77: Chola; temples; Polonnaruwa | K77: Yes | M77: https://www.his.jfn.ac.lk/index.php/__trashed/
A78: RP-0077 | B78: 2019 | D78: The Creation of the King's Clan in Ilankai - An Analysis Based on Recent Archaeological Findings | E78: S. Sajitharan | F78: International Journal of Tamil Language and Literary Studies (IITS, Chennai), pp. 170-179 | G78: Journal article | H78: Tamil | I78: Inscriptions / கல்வெட்டு; Archaeology / தொல்லியல்; Coins / நாணயம் | J78: archaeology; coins; seals | K78: Yes | M78: https://www.his.jfn.ac.lk/?p=791
A79: RP-0078 | B79: 2019 | C79: 2019-04-01 | D79: The Antiquity of Jaffna Fort: New Evidence from Post-Disaster Archaeological Investigations in Northern Sri Lanka | E79: R. Coningham, C. Davis, P. Pushparatnam et al. | F79: Antiquity (Cambridge University Press) | G79: Journal article | H79: English | I79: Archaeology / தொல்லியல் | J79: தொல்லியல்; Jaffna Fort; excavation | K79: Yes | L79: Authors to verify | M79: https://www.cambridge.org/core/services/aop-cambridge-core/content/view/C55CDA3934CC5C18EE40B903734C7215/S0003598X19000309a.pdf/the-antiquity-of-jaffna-fort-new-evidence-from-post-disaster-archaeological-investigations-in-northern-sri-lanka.pdf
A80: RP-0079 | B80: 2019 | C80: 2019-05-29 | D80: Divine Kingship in Medieval Sri Lanka: Dynamics in Traditions of Power and Virtue in South Asia | E80: Stephen C. Berkwitz | F80: Entangled Religions | G80: Article | H80: English | K80: Yes | L80: OpenAlex query: hero stone Sri Lanka. Auto-collected 2026-10-14 (openalex); review. | M80: https://doi.org/10.46586/er.8.2019.8312
A81: RP-0080 | B81: 2019 | C81: 2019-06-01 | D81: Evolution of the dry zone water harvesting and management systems in Sri Lanka during the Anuradhapura Kingdom; a study based on ancient chronicles and lithic inscriptions | E81: Nuwan Abeywardana, H.M.T.G.A. Pitawala, Brigitta Schütt, Wiebke Bebermeier | F81: Water History | G81: Article | H81: English | I81: Inscriptions / கல்வெட்டு | J81: inscription; inscriptions | K81: Yes | L81: OpenAlex query: Tamil inscription Sri Lanka. Auto-collected 2026-10-14 (openalex); review. | M81: https://doi.org/10.1007/s12685-019-00230-7
A82: RP-0081 | B82: 2019 | C82: 2019-09-19 | D82: Contested Histories, Multi-Religious Space and Conflict: A Case Study of Kantarodai in Northern Sri Lanka | E82: Elizabeth J. Harris | F82: Religions | G82: Journal article | H82: English | K82: Yes | L82: Crossref query: Kantarodai. Auto-collected 2026-10-14 (crossref); review. | M82: https://doi.org/10.3390/rel10090537
A83: RP-0082 | B83: 2019 | C83: 2019-11-25 | D83: Recently Discovered Shipwrecks in Sri Lankan Waters | E83: Rasika Muthucumarana | F83: Current Science | G83: Article | H83: English | K83: Yes | L83: OpenAlex query: rock art Sri Lanka. Auto-collected 2026-10-14 (openalex); review. | M83: https://doi.org/10.18520/cs/v117/i10/1664-1672
A84: RP-0083 | B84: 2018 | D84: An Archaeological Study of Prehistoric Paintings Found in Veherayaya | F84: ICHSS 2018, University of Peradeniya, pp. 291-293 | G84: Conference paper | H84: English | I84: Archaeology / தொல்லியல்; Rock art / பாறை ஓவியம் | J84: பாறை ஓவியம்; rock paintings; prehistoric | K84: Yes | L84: Author to verify | M84: https://ir.lib.pdn.ac.lk/handle/20.500.14444/5038
A85: RP-0084 | B85: 2018 | D85: Hinduism in the Sinhala Monarchy of the Polonnaruwa Period | E85: S. Aniththa | F85: International Seminar, World Tamil Research Institute | G85: Conference paper | H85: Tamil | I85: Inscriptions / கல்வெட்டு | J85: Polonnaruwa; inscriptions | K85: Yes | M85: https://www.his.jfn.ac.lk/index.php/__trashed/
A86: RP-0085 | B86: 2018 | D86: Naguleshwaram Temple - Myths and Historical Facts | E86: S. Sajitharan | F86: Palkalai, Faculty of Arts, University of Peradeniya | G86: Journal article | H86: Tamil | J86: temple; history | K86: Yes | M86: https://www.his.jfn.ac.lk/?p=791
A87: RP-0086 | B87: 2018 | D87: South Indian Influence in Jaffna Kingdom | E87: S. Sajitharan | F87: International Institute of Tamil Studies, Chennai | G87: Conference paper | H87: Tamil | J87: Jaffna kingdom | K87: Yes | M87: https://www.his.jfn.ac.lk/?p=791
A88: RP-0087 | B88: 2018 | D88: The Challenges Faced in Protecting and Preserving Heritage Monuments: A Study Based on Jaffna | E88: S. Sajitharan | F88: CINTANAI, Vol. 2, pp. 63-77 | G88: Journal article | H88: Tamil | I88: Archaeology / தொல்லியல் | J88: heritage; monuments | K88: Yes | M88: https://www.his.jfn.ac.lk/?p=791
A89: RP-0088 | B89: 2018 | D89: The Formation Period of Northern Sri Lanka - An Archaeological Survey Based on Rivers & Ponds | E89: S. Sajitharan | F89: Sankara Publications, Kancheepuram | G89: Book chapter | H89: Tamil | I89: Archaeology / தொல்லியல் | J89: archaeological survey | K89: Yes | M89: https://www.his.jfn.ac.lk/?p=791
A90: RP-0089 | B90: 2018 | C90: 2018-01-01 | D90: Out of Context, in Association: Human Remains Salvaged from the Mini-athiliya Shell Midden, Sri Lanka | E90: Samanti Kulatilake, Roshan Peiris, Halawathage Nimal Perera, H. Jude Perera | F90: Asian perspectives | G90: Article | H90: English | K90: Yes | L90: OpenAlex query: Sri Lanka epigraphy Tamil. Auto-collected 2026-10-14 (openalex); review. | M90: https://doi.org/10.1353/asi.2018.0002
A91: RP-0090 | B91: 2018 | C91: 2018-02-26 | D91: Knapped Core from Jaffna Peninsula, Sri Lanka | E91: M Robinson | F91: Zenodo (CERN European Organization for Nuclear Research) | G91: Dataset | H91: English | K91: Yes | L91: OpenAlex query: Jaffna archaeology. Auto-collected 2026-10-14 (openalex); review. | M91: https://doi.org/10.5281/zenodo.10270558
A92: RP-0091 | B92: 2018 | C92: 2018-08-16 | D92: Jhaya and Bariya: A Case in the Early BrÁhmÍ Inscriptions of Sri Lanka | E92: Raj Somadeva, Laleendra Amarasinghe, Anusha Wanninayake, Dinesh Devage | F92: Vidyodaya Journal of Humanities and Social Sciences | G92: Article | H92: English | I92: Inscriptions / கல்வெட்டு | J92: inscription; inscriptions | K92: Yes | L92: OpenAlex query: rock art Sri Lanka. Auto-collected 2026-10-14 (openalex); review. | M92: https://doi.org/10.31357/fhss/vjhss.v04i01.3493
A93: RP-0092 | B93: 2018 | C93: 2018-11 | D93: Revisiting the Punch-marked Coin Finding Places in Sri Lanka | E93: K. W. C. Tharangani | F93: ICHSS 2018, University of Peradeniya, pp. 301-308 | G93: Conference paper | H93: English | I93: Coins / நாணயம் | J93: coins; punch-marked | K93: Yes | M93: https://ir.lib.pdn.ac.lk/items/fe66ad09-6272-469c-a6db-69c14662bb7f
A94: RP-0093 | B94: 2018 | C94: 2018-11-27 | D94: Ancient Water Management and Governance in the Dry Zone of Sri Lanka Until Abandonment, and the Influence of Colonial Politics during Reclamation | E94: Nuwan Abeywardana, Wiebke Bebermeier, Brigitta Schütt | F94: Water | G94: Article | H94: English | K94: Yes | L94: OpenAlex query: Tamil Brahmi Sri Lanka. Auto-collected 2026-10-14 (openalex); review. | M94: https://doi.org/10.3390/w10121746
A95: RP-0094 | B95: 2018 | C95: 2018-12-17 | D95: வட இலங்கையின் தொல்லியல் மரபுரிமை சின்னங்களும், அவற்றின் முகாமைத்துவமும் (யாழ் குடாநாட்டினை அடிப்படையாகக் கொண்ட ஆய்வு) | E95: S. Sivachchelvy | F95: 8th International Symposium 2018, South Eastern University of Sri Lanka, pp. 527-536 (ISBN 978-955-627-141-6) | G95: Conference paper | H95: Tamil | I95: Archaeology / தொல்லியல் | J95: தொல்லியல்; heritage management | K95: Yes | L95: Year/author to verify | M95: https://dspace.lib.seu.ac.lk/items/d9c75f55-5065-4c9d-9c54-98ec1717f8d1
A96: RP-0095 | B96: 2018 | C96: 2018-12-22 | D96: Corporate Bodies in Early South Asian Buddhism: Some Relics and Their Sponsors According to Epigraphy | E96: Matthew D. Milligan | F96: Religions | G96: Article | H96: English | I96: Inscriptions / கல்வெட்டு | J96: epigraphy | K96: Yes | L96: OpenAlex query: Sri Lanka epigraphy Tamil. Auto-collected 2026-10-14 (openalex); review. | M96: https://doi.org/10.3390/rel10010004
A97: RP-0096 | B97: 2017 | D97: God Shiva in the Inscriptions of Cholas Found in Sri Lanka | E97: S. Sajitharan | F97: Second International Saiva Conference, University of Jaffna | G97: Conference paper | H97: Tamil | I97: Inscriptions / கல்வெட்டு | J97: Chola inscriptions; கல்வெட்டு | K97: Yes | M97: https://www.his.jfn.ac.lk/?p=791
A98: RP-0097 | B98: 2017 | D98: Role and Significance in Preserving Manuscripts of Siddha Medicine Found during the Jaffna Kingdom Period | E98: A. Suganthan | F98: National Archaeological Symposium | G98: Conference paper | H98: English | J98: manuscripts; Jaffna kingdom | K98: Yes | M98: https://www.his.jfn.ac.lk/index.php/mrs-ajiththa-suganthan/
A99: RP-0098 | B99: 2017 | D99: The Megalithic Culture and the Classical Tamil Literatures: Comparative Research | E99: S. Sajitharan | F99: CINTANAI, Vol. 3, pp. 37-51 | G99: Journal article | H99: Tamil | I99: Archaeology / தொல்லியல் | J99: megalithic | K99: Yes | M99: https://www.his.jfn.ac.lk/?p=791
A100: RP-0099 | B100: 2017 | D100: பெருங்கற்காலப் பண்பாடும் பழந் தமிழ் இலக்கியங்களும் - ஓர் ஒப்பீட்டு ஆய்வு | E100: S. Sajitharan | F100: CINTANAI / University of Jaffna Research Repository | G100: Journal article | H100: Tamil | I100: Archaeology / தொல்லியல் | J100: megalithic; Sangam | K100: Yes | L100: Matches Sajitharan 2017 CINTANAI paper | M100: http://repo.lib.jfn.ac.lk/ujrr/handle/123456789/8887
...

Sheet Newspaper Articles
A1: ID | B1: Year | C1: Date | D1: Title | E1: Author / Editor | F1: Publisher / Source | G1: Type | H1: Language | I1: Themes | J1: Keywords | K1: Within 1996-2026 | L1: Notes | M1: URL
A2: NW-0001 | B2: 2026 | D2: Glimpses of an Ancient Civilisation: Society and Culture in Jaffna | F2: The Island | G2: Book review | H2: English | I2: Brahmi / பிராமி | J2: Pathmanathan; book; Tamil-Brahmi | K2: Yes | M2: https://island.lk/glimpses-of-an-ancient-civilisation-society-and-culture-in-jaffna/
A3: NW-0002 | B3: 2026 | C3: 2026-01-13 | D3: A Historian In Focus: The Dark Side Of S Pathmanathan | E3: Darshanie Ratnawalli | F3: Colombo Telegraph | G3: Opinion | H3: English | I3: Brahmi / பிராமி | J3: Brahmi; Pathmanathan; debate | K3: Yes | M3: https://www.colombotelegraph.com/index.php/a-historian-in-focus-the-dark-side-of-s-pathmanathan/
A4: NW-0003 | B4: 2026 | C4: 2026-01-23 | D4: செங்கலடியில் அனுமதியின்றி நாட்டப்பட்ட தொல்பொருள் அடையாளப் பலகைகளை அகற்ற நடவடிக்கை | F4: Tamilwin | G4: News | H4: Tamil | I4: Archaeology / தொல்லியல் | J4: தொல்லியல்; Chenkalady; signboards | K4: Yes | L4: Heritage dispute; date from URL timestamp | M4: https://tamilwin.com/article/remove-archaeological-permission-in-chengaladi-1769150736
A5: NW-0004 | B5: 2026 | C5: 2026-04-18 | D5: New book by Tamil historian re-examines early Jaffna civilisation through inscriptions and archaeology | F5: Tamil Guardian | G5: News | H5: English | I5: Inscriptions / கல்வெட்டு; Archaeology / தொல்லியல் | J5: Pathmanathan; book launch; inscriptions | K5: Yes | M5: https://www.tamilguardian.com/content/prof-pathmanathans-new-book-sheds-light-early-jaffna-civilisation
A6: NW-0005 | B6: 2026 | C6: 2026-10-07 | D6: Archaeology Department seeks 260 acres as monk targets second Hindu temple in Vavuniya | F6: Tamil Guardian | G6: News | H6: English | I6: Archaeology / தொல்லியல் | J6: archaeology | K6: Yes | L6: Google News query: archaeology Vanni Tamil. Auto-collected 2026-10-14 (news); review. | M6: https://news.google.com/rss/articles/CBMiyAFBVV95cUxPck1TdFVQcDc3dXR2RzBfNko0V09ZWG44aUZsTWE3WmJIWWRkd3NXRDloS3FNbk9CbjFqNV9oTVo5MzA4MU1kYmU4b0VyZVRsMlNzOWJSSklRcnRySHNzaGRVWXl2VUhEVF9YV3JjVmNndC15STkwUmotOEhSTmNFQ1JZWUtTQktXNThKSzA3d25oWmpXVkxhVUZfaUpaOGpiaEx6enF2dmtmNGZpUXNRR3dEWTVETUdsb3BXY0FlWXFrVWNSMFdjNQ?oc=5
A7: NW-0006 | B7: 2025 | C7: 2025-04-19 | D7: UNESCO recognizes Sri Lanka's Trilingual Inscription and 'Panadurawaadaya' documents as World Heritage | F7: Daily News (Sri Lanka) | G7: News | H7: English | I7: Inscriptions / கல்வெட்டு; Archaeology / தொல்லியல் | J7: Galle trilingual inscription; UNESCO | K7: Yes | M7: https://www.dailynews.lk/2025/04/19/admin-catagories/breaking-news/763455/unesco-recognizes-sri-lankas-trilingual-inscription-and-panadurawaadaya-documents-as-world-heritage/
A8: NW-0007 | B8: 2025 | C8: 2025-04-22 | D8: Significance of Galle Trilingual Inscription's inclusion in the World Heritage List | F8: Daily News (Sri Lanka) | G8: Feature | H8: English | I8: Inscriptions / கல்வெட்டு; Archaeology / தொல்லியல் | J8: Galle trilingual inscription; Tamil; UNESCO | K8: Yes | M8: https://dailynews.lk/2025/04/22/features/764498/significance-of-galle-trilingual-inscriptions-inclusion-in-the-world-heritage-list/
A9: NW-0008 | B9: 2025 | C9: 2025-11-01 | D9: Sinhala Buddhist monk alleges archaeology department official planted 'artefacts' in Kurunthurmalai | F9: Tamil Guardian | G9: News | H9: English | I9: Archaeology / தொல்லியல் | J9: archaeology | K9: Yes | L9: Google News query: archaeology Vanni Tamil. Auto-collected 2026-10-14 (news); review. | M9: https://news.google.com/rss/articles/CBMiqAFBVV95cUxQWTZoOUtnRWRBOE11dkVZMDdERkVIdUt0Z08tbk04b0h6LWFEUHdDQ1ZtdU1QSE83R0pVN0FPZTB6cWVpNC1ISGtGTUkzLWhDRFhtamJXeFo4ZjJpM2RUQWZGb3dTR0RHVzhmZ2ZQQ0RRVjhGMl9LclZOVFhlZlBTQUs3RElIQ3BSYzJlc0lLVGxfYmxhSnZIWldBdTRlMHlqekp0MzNsRGs?oc=5
A10: NW-0009 | B10: 2025 | C10: 2025-11-21 | D10: மட்டக்களப்பில் துரத்தியடிக்கப்பட்ட தொல்லியல் திணைக்களத்தினர் | F10: IBC Tamil | G10: News | H10: Tamil | I10: Archaeology / தொல்லியல் | J10: தொல்லியல்; Batticaloa | K10: Yes | L10: Heritage dispute; date from URL timestamp | M10: https://ibctamil.com/article/department-of-archaeology-personnel-chased-away-1763743917
A11: NW-0010 | B11: 2025 | C11: 2025-12-27 | D11: வவுனியா கல்லுமலை பிள்ளையார் ஆலய வளாகத்தில் முளைக்கும் விகாரை! | F11: IBC Tamil | G11: News | H11: Tamil | I11: Archaeology / தொல்லியல் | J11: தொல்லியல்; archaeology department; Vavuniya | K11: Yes | L11: Heritage dispute; date from URL timestamp | M11: https://ibctamil.com/article/archaeology-dep-to-construct-a-vihara-in-vavuniya-1766829487
A12: NW-0011 | B12: 2025 | C12: 2025-12-27 | D12: வவுனியா பிள்ளையார் ஆலய வளாகத்தில் விகாரை அமைக்கும் தொல்பொருள் திணைக்களம் | F12: Tamilwin | G12: News | H12: Tamil | I12: Archaeology / தொல்லியல் | J12: தொல்லியல்; archaeology department; Vavuniya | K12: Yes | L12: Heritage dispute; date from URL timestamp | M12: https://tamilwin.com/article/viharaya-in-the-pillayar-temple-complex-vavuniya-1766838422
A13: NW-0012 | B13: 2024 | C13: 2024-02-24 | D13: இலங்கையில் கண்டுபிடிக்கப்பட்ட நிலக்கீழ் நகரம் | F13: IBC Tamil | G13: News | H13: Tamil | I13: Archaeology / தொல்லியல் | J13: தொல்லியல்; Polonnaruwa | K13: Yes | L13: URL timestamp Feb 2024 | M13: https://ibctamil.com/article/an-underground-city-discovered-in-polonnaruwa-sl-1708747886
A14: NW-0013 | B14: 2024 | C14: 2024-07-06 | D14: Exploring Sri Lanka's archaeological and cultural treasures | F14: Wanderlust Travel Magazine | G14: News | H14: English | I14: Archaeology / தொல்லியல் | J14: archaeological | K14: Yes | L14: Google News query: rock art Sri Lanka. Auto-collected 2026-10-14 (news); review. | M14: https://news.google.com/rss/articles/CBMiggFBVV95cUxQczl0U3RlM2Y4UjFBSU1ULWtUTEpFaXZIb3pBLTRkTmpoOEh5Nzc4MzlMNVM4MGpEd0FhWFVJTE84ZnZ3ZnVDUWVjUnBOVThrTndsX3gxT0g0ZkxlWDQyLWVRNDdFZ25HXzdlZWZmQ2ZZZFlMUHVHYm1DLWdVZjVuNmdR?oc=5
A15: NW-0014 | B15: 2024 | C15: 2024-08-22 | D15: Fact Check: அனுமனின் கதாயுதம் ஒன்று இலங்கையில் தொல்லியல் அகழாய்வின் போது கண்டெடுக்கப்பட்டதா? | F15: NewsMeter | G15: News | H15: Tamil | I15: Archaeology / தொல்லியல் | J15: தொல்லியல் | K15: Yes | L15: Google News query: தொல்லியல் இலங்கை தமிழ். Auto-collected 2026-10-14 (news); review. | M15: https://news.google.com/rss/articles/CBMinAFBVV95cUxPc0xxall2V0toUHFjdEpHdGd3YV9VWTZja0htbkJXNFEyNmVJMlF1WGJsZnlXeXVlemltbDRfMHdYYXlLZ0swRlVVbW1uU0pUc3ppZkc2Qmlnc0Y1WFl3SXpINzJFRUZYVWxNRDV5YUNEanAxZE4tMG9hT0hZQnNXYWNhM1VMRHV6b25iN3ZPZUNzZzJYeVB5VlZlUEY?oc=5
A16: NW-0015 | B16: 2023 | C16: 2023-03-27 | D16: வவுனியா - வெடுக்குநாறி மலை விவகாரம்: வன்மையாகக் கண்டிப்பதாகக் கூறும் அனந்தி! | F16: Tamilwin | G16: News | H16: Tamil | I16: Archaeology / தொல்லியல் | J16: Vedukkunari hill; archaeology; heritage | K16: Yes | L16: Heritage dispute; date from URL timestamp | M16: https://tamilwin.com/article/vedukunari-hill-affair-1679899848
A17: NW-0016 | B17: 2023 | C17: 2023-03-29 | D17: இலங்கையின் தொல்லியல் சிறப்புமிக்க ஆதிலிங்கேஸ்வரர் ஆலயம் உடைப்பு - அரசாங்கம் என்ன சொல்கிறது? | F17: BBC | G17: News | H17: Tamil | I17: Archaeology / தொல்லியல் | J17: தொல்லியல் | K17: Yes | L17: Google News query: தொல்லியல் இலங்கை தமிழ். Auto-collected 2026-10-14 (news); review. | M17: https://news.google.com/rss/articles/CBMiW0FVX3lxTE02dFpiVWFGNWlFWExhWUxUelI2X0tYY3kxak4tYWx2ZDhrSld0SC11ZzVxZXhLV3lNWEhMeUdaQUZfZWQ2MkNLMk9JMTNUUkVwRzhlUDFvZ3VlWlHSAWBBVV95cUxPOUhPNUd4LXgwN2hvRVJod0pXWnNDbjJ1S1U3U0xRVHpDQzZCYldGY3hBZWtCbGFycEt3N1U4bzNPT0dEeXVkRnc3QVdRLXNuU0l3ZXp3YlZ1dWJZSVRRQ04?oc=5
A18: NW-0017 | B18: 2023 | C18: 2023-08-11 | D18: கீரிமலை கேணியையும் தொல்லியல் திணைக்களம் கட்டுப்பாட்டுக்குள் கொண்டுவர முயற்சி - அகில இலங்கை இந்து மாமன்றம் | F18: Lanka Truth | G18: News | H18: Tamil | I18: Archaeology / தொல்லியல் | J18: தொல்லியல் | K18: Yes | L18: Google News query: தொல்லியல் இலங்கை தமிழ். Auto-collected 2026-10-14 (news); review. | M18: https://news.google.com/rss/articles/CBMiSkFVX3lxTE9RWHRpZjlDZE92MEg4bC1VRXFNMjNpSlotREpZclVwU2tncGcyRWFNUnpxQ1ZJTmlRZS1VanBPWl9XNVdjcWhtd29R?oc=5
A19: NW-0018 | B19: 2023 | C19: 2023-09-13 | D19: இலங்கை இனவாத குழுக்கள் சர்ச்சைக்குரிய தொல்பொருள் பிரதேசம் தொடர்பாக இனவாத பதட்டங்களை கிளப்பி வருகின்றன | F19: World Socialist Web Site | G19: News | H19: Tamil | I19: Archaeology / தொல்லியல் | J19: தொல்பொருள் | K19: Yes | L19: Google News query: தொல்லியல் இலங்கை தமிழ். Auto-collected 2026-10-14 (news); review. | M19: https://news.google.com/rss/articles/CBMiaEFVX3lxTE9mazdldjk2bWROTF9UYjJKOWhvMk9hQUwwcGdfbjgwYVN4a2phYktJU3RfWHpUSzFxZlpLQmhURWxacjJWYTNFZEFMNlFuWG13S1Rra1ZVZGdPcU40bmZxS2p5M09wT09h?oc=5
A20: NW-0019 | B20: 2023 | C20: 2023-09-27 | D20: Shared heritage of archaeological sites in the North and East | F20: Daily Mirror - Sri Lanka | G20: News | H20: English | I20: Archaeology / தொல்லியல் | J20: archaeological | K20: Yes | L20: Google News query: Tamil inscription Sri Lanka. Auto-collected 2026-10-14 (news); review. | M20: https://news.google.com/rss/articles/CBMiqwFBVV95cUxPWG1naE01WFRxUkhWX2kwWWRWTlJaZy1heUNCOG9pcTZ5eUtqbjlPc1BRVHlBQm1ST0hvQmk5TDlMeVZXQlNwUXBWelhMdGNmLVc3ck0yR2MzWUtSS0xQdW5uRjhFa0lPTVZ2Q08yUkg3aXhLeGdtdllzYWZGV2pad2IzbkIwdk54T0tneHl3bzZUU0gyRWRIU2gwX21BUmV1Zm1Vc2pZNkx3cms?oc=5
... A24: NW-0023 | B24: 2021 | C24: 2021-11-22 | D24: இலங்கை தமிழர் வரலாறு: புதிய தகவல்களைக் கூறும் 13ஆம் நூற்றாண்டு கல்வெட்டு | F24: BBC | G24: News | H24: Tamil | I24: Inscriptions / கல்வெட்டு | J24: கல்வெட்டு | K24: Yes | L24: Google News query: கல்வெட்டு இலங்கை. Auto-collected 2026-10-14 (news); review. | M24: https://news.google.com/rss/articles/CBMiV0FVX3lxTE9uajJZaVFzTk1NVFFqRDNVVTNHU3dVc0xySDB6Tk9LbmxIeHR4SkozOUxJN2lQTlFMa2hjaXJXakVjaWJmZ0xJcW1EQ0k3bUUyLVpfbVpMUdIBXEFVX3lxTFAtSEZTSzdPd25Oa1FFMFB2NGNHRFVIYjB4NWdIbXl3a0pmNXlRcjItZjhmLWNxbHItLUFUamVkSWpxblA3YUU5SUoxclFVTDhNR1pXaVZTelFLc2N1?oc=5
A25: NW-0024 | B25: 2021 | C25: 2023-01-03 | D25: தமிழ் இராச்சியத்தின் தோற்றம் பற்றிய முன்னைய வரலாற்றுப் பார்வையை மீள் வாசிப்பிற்கு உட்படுத்தும் அரிய தமிழ்க் கல்வெட்டு திருகோணமலையில் கண்டுபிடிப்பு! | E25: பரமு புஷ்பரட்ணம் | F25: Athavan News | G25: News | H25: Tamil | I25: Inscriptions / கல்வெட்டு | J25: கல்வெட்டு; Trincomalee; Tamil kingdom | K25: Yes | M25: https://athavannews.com/2021/1251617
A26: NW-0025 | B26: 2020 | C26: 2020-12-01 | D26: Sri Lanka’s archaeology department acquires ‘ancient monastery site’ in Jaffna | F26: Tamil Guardian | G26: News | H26: English | I26: Archaeology / தொல்லியல் | J26: archaeology | K26: Yes | L26: Google News query: archaeology Jaffna. Auto-collected 2026-10-14 (news); review. | M26: https://news.google.com/rss/articles/CBMirwFBVV95cUxOcjFjTFg2ZzhVRzlEakRZekNFeXQzR2ZuQUdDcXFNdG9rQ2JoV2RaYzNnOF9La29FX3BnZXRvY3d3SnlCakNhQVg1dVJ3WnVkT3BwYWZYTnlTdTVoOXBlVDJKc3ZMbmo0bEhmM1pkUGRfdHk2NmEwVFpUNkE3c1FOQl9qVXdEa0JiSXQwWmJvek91dVN0Y0M5NGwxQkQtUDQxLXFib25oWkdNWnlNOGJV?oc=5
A27: NW-0026 | B27: 2019 | C27: 2019-03-17 | D27: இலங்கையில் பெருங்கற்காலத்தில் தமிழர்கள் வாழ்ந்த இடம்; அழிந்து வருவதாக மக்கள் கவலை | F27: BBC | G27: News | H27: Tamil | I27: Archaeology / தொல்லியல் | J27: பெருங்கற் | K27: Yes | L27: Google News query: தொல்லியல் இலங்கை தமிழ். Auto-collected 2026-10-14 (news); review. | M27: https://news.google.com/rss/articles/CBMiV0FVX3lxTE81SUxqWmhQSjVTVWh3S1VLZGV2MHAyTjNDOHBDeHhXX0pCZVJjakRFSnRZQWtxRXdLS2lwakp5eGNiZC1RbGxRUVFrMWpfRDc1VnNSZUFSc9IBXEFVX3lxTFBNa3dMSUJMS0hJVEhnNXZpTzB3b2RFWWhhNDJhN0JDdTFsOU13bVVJZ2RfdUNPVkItQUlHcm9sTEF6NE4xckhmd3gyZVlQTlFTaTQ5NXBfWUx3MnlH?oc=5
A28: NW-0027 | B28: 2019 | C28: 2019-05-30 | D28: 30.05.19 SL Archaeology Dept steps up controversial construction work in Trincomalee | F28: TamilNet | G28: News | H28: English | I28: Archaeology / தொல்லியல் | J28: archaeology | K28: Yes | L28: Google News query: archaeology Vanni Tamil. Auto-collected 2026-10-14 (news); review. | M28: https://news.google.com/rss/articles/CBMiZEFVX3lxTFBaOXhuY19ZUk1ySExJdXFObDBJWDEzMmtqZVhLNTNoNVhhZWhvQm1Idy1uUWRiU1h2Nkg4UWRMTmtNLVhOWU0zSzdBWFZjdzEwQnJtX0FLd1FnWXlpYVl0TU9OSG0?oc=5
A29: NW-0028 | B29: 2019 | C29: 2019-08-19 | D29: Tamil archaeological site under threat from granite mining | F29: Tamil Guardian | G29: News | H29: English | I29: Archaeology / தொல்லியல் | J29: archaeological | K29: Yes | L29: Google News query: archaeology Vanni Tamil. Auto-collected 2026-10-14 (news); review. | M29: https://news.google.com/rss/articles/CBMilgFBVV95cUxPWjg3MzRjZlBYMTRYN2tEcGc5VXRTM25lZTlxYXl1RnhwLTdRQlRxYURPNE1oSGt0VFMxQ2pvNEg1LURmdF9rZ1NhZUNUU2lmSHIyMFpQTFU4cXAxTjZhN3Jsd2FhajVVdjN1dS1zUmptcFNJU0t1dlREZVRTbHAzV1JsTDM4dk9TLXQ2S0dIa3BBVzNnTnc?oc=5
A30: NW-0029 | B30: 2019 | C30: 2019-09-30 | D30: Monument to Tamil king in disrepair as Sri Lanka’s archaeology department ignores destruction | F30: Tamil Guardian | G30: News | H30: English | I30: Archaeology / தொல்லியல் | J30: archaeology | K30: Yes | L30: Google News query: archaeology Vanni Tamil. Auto-collected 2026-10-14 (news); review. | M30: https://news.google.com/rss/articles/CBMivgFBVV95cUxORWRSQ0xORzJLQ2RoNE9KNWhjRnlENktmc2RIZk1VcXIwaWlLZTUwb09YcG1Pc3d2Yk00M0o5cWVsUUV5RmlhajdNeHJaS1dNZmcwUFU1SFh1TEVVbzF4Q0w5R2NvVjZzR1gwbWxIWXNadWlVNHloMUFzdW1yemNIdHE3WWlWbGNUNkpwVUFiTGU3RUJHZ2J1NHFmd2haakE3cGc0T21JMHU2T05TQWkzNWg2NzFkV0hmcWRJVWxn?oc=5
A31: NW-0030 | B31: 2019 | C31: 2019-10-01 | D31: பல ஆண்டுகளுக்குப் பின் தம்பலகாமத்தில் கண்டுபிடிக்கப்பட்ட அரிய தமிழ்க்கல்வெட்டு | F31: Virakesari | G31: News | H31: Tamil | I31: Inscriptions / கல்வெட்டு | J31: கல்வெட்டு | K31: Yes | L31: Google News query: கல்வெட்டு இலங்கை. Auto-collected 2026-10-14 (news); review. | M31: https://news.google.com/rss/articles/CBMiUEFVX3lxTFBoclkwMTRjdmdKLWZ2aVE4Tk5VNUd5VlAyeVM4WG5EVHBNUFFfT2lwTkVweC1qLTJNODhBRE1wdUcxdVpvU3NVXzJFeGFKMXFp?oc=5
A32: NW-0031 | B32: 2018 | C32: 2018-02-11 | D32: Head to the East for a feast of archaeological sites | F32: Sunday Times (Sri Lanka) | G32: Feature | H32: English | I32: Archaeology / தொல்லியல் | J32: archaeology; Eastern Province | K32: Yes | M32: https://www.sundaytimes.lk/180211/plus/head-to-the-east-for-a-feast-of-archaeological-sites-281129.html
A33: NW-0032 | B33: 2018 | C33: 2018-08-16 | D33: New Delhi with ‘cultural presence’ not concerned about Chinese ‘heritage archaeology’ in Kayts | F33: TamilNet | G33: News | H33: English | I33: Archaeology / தொல்லியல் | J33: archaeology | K33: Yes | L33: Google News query: archaeology Jaffna. Auto-collected 2026-10-14 (news); review. | M33: https://news.google.com/rss/articles/CBMiZEFVX3lxTE1OS2ZQSnVTU3JtZVR3Umthby1VWWZYdU1yakJCUExKQ0IzVG56Vm1JRDZDWkF2YV9waVZzWnowWWtkbjFxSWJMVlVSN01SRUtXeTdjNl9YQ0NlZloxUzU0N1ljeVQ?oc=5
A34: NW-0033 | B34: 2018 | C34: 2018-09-15 | D34: China and Sri Lanka unite in Maritime Silk Road archaeological research | F34: CGTN | G34: News | H34: English | I34: Archaeology / தொல்லியல் | J34: archaeological | K34: Yes | L34: Google News query: archaeology Jaffna. Auto-collected 2026-10-14 (news); review. | M34: https://news.google.com/rss/articles/CBMiekFVX3lxTE1nWlpPYTI1SEhvalJHYk9hYlBjX09Ib2hFNVlaTWxEcGhjS25hTnZuWm9uaDdic2U0cHZyQ2RITWpkSTBTRHdCZ25jeTFlSkF0WFdCb2dENmgwLXdvRDZKRlB0c1lhQWxvX1VxdTVSSTdvM0E2TW93WllB0gF_QVVfeXFMT1dFYWh0UEZ3NmR3dC04MUpNZGVvaFp4Q2oyZndXaHlEeHVlV3Y4dWJRWEN0WW1nTmpZZ2pnLVM3VXU2dW5SY2NLamNFcUFNZmVsdXk3U2czUzN2bjlfMk9oaUhDUWhvaTVYdmQ3bUxKMll6dWRBRGFHOE9odGgydw?oc=5
A35: NW-0034 | B35: 2017 | C35: 2017-01-04 | D35: Standing the test of time | F35: Daily News (Sri Lanka) | G35: Feature | H35: English | I35: Archaeology / தொல்லியல் | J35: archaeology | K35: Yes | L35: Relevance to verify | M35: https://archives1.dailynews.lk/2017/01/04/features/103659
A36: NW-0035 | B36: 2017 | C36: 2017-12-20 | D36: Sri Lankan troops in Jaffna lectured on ‘archaeology’ | F36: Tamil Guardian | G36: News | H36: English | I36: Archaeology / தொல்லியல் | J36: archaeology | K36: Yes | L36: Google News query: archaeology Jaffna. Auto-collected 2026-10-14 (news); review. | M36: https://news.google.com/rss/articles/CBMiiwFBVV95cUxPcWJrT2RRWFB4dzZmS1RJY0FoOFZoQzY1ZWJsM0kzZGc4ZlNtZDZIVzBFYVdxdlZsbXNVeF9xOGJqLWh3d0xCNnIxRm5TV2d5RFN0QWJ1ZFJCazdrM1hlVmRXNHBub0pCdHd6Wk1LcTFnY3dydi1xd0J0dUxUNThpZVdnTjJGOUZHVXhF?oc=5
A37: NW-0036 | B37: 2014 | C37: 2014-06-06 | D37: 06.06.14 SL Army conducts ‘archaeology’, The Hindu relays ‘history’ | F37: TamilNet | G37: News | H37: English | I37: Archaeology / தொல்லியல் | J37: archaeology | K37: Yes | L37: Google News query: archaeology Jaffna. Auto-collected 2026-10-14 (news); review. | M37: https://news.google.com/rss/articles/CBMiZEFVX3lxTE1LRUlucXZoVEVIaGlNTU1tN3BjNmpYdGQ3eVhfeTJVb1JMTGhWMndLQVhWTl9VOUZrSm92Z3NFak5OQ05rdGdLLTN2SFNaR0tkT21zVHV0NTdncGN2QmVyT1YyVnA?oc=5
A38: NW-0037 | B38: 2014 | C38: 2014-09-21 | D38: A visit marked in stone | E38: Vinusha Paulraj, Purnima Pilapitiya | F38: Sunday Times (Sri Lanka) | G38: Feature | H38: English | I38: Inscriptions / கல்வெட்டு | J38: Galle trilingual inscription; Tamil | K38: Yes | M38: https://www.sundaytimes.lk/140921/plus/a-visit-marked-in-stone-118621.html
A39: NW-0038 | B39: 2013 | C39: 2013-03-10 | D39: (Rock painting feature) | F39: Sunday Observer | G39: Feature | H39: English | I39: Rock art / பாறை ஓவியம் | J39: rock paintings | K39: Yes | L39: Title to verify | M39: https://archives.sundayobserver.lk/2013/03/10/mon13.asp
A40: NW-0039 | B40: 2013 | C40: 2013-07-27 | D40: Sinhala archaeology focuses operation in North-East corridor | F40: TamilNet | G40: News | H40: English | I40: Archaeology / தொல்லியல் | J40: archaeology; North-East | K40: Yes | M40: https://www.tamilnet.com/art.html?artid=36503&catid=79
A41: NW-0040 | B41: 2013 | C41: 2013-09-13 | D41: 13.09.13 Sri Lanka archaeology claims finding ‘Sinhala Prakrit’ in Delft | F41: TamilNet | G41: News | H41: English | I41: Archaeology / தொல்லியல் | J41: archaeology | K41: Yes | L41: Google News query: Tamil inscription Sri Lanka. Auto-collected 2026-10-14 (news); review. | M41: https://news.google.com/rss/articles/CBMiZEFVX3lxTE9kekJTQWdVczhfMzVmbF9ETVpFUHFGbEw2Mk5LR2JoSXFEelNqZEE5TmJ2VkhubTZJcnJKeE1MLUNTeTdGZFkwbkJQU3dwLTBRSkluenBvbnJraDk3cHN3aER3SW8?oc=5
A42: NW-0041 | B42: 2012 | C42: 2012-10-30 | D42: Tamil went to Oman 20 centuries ago | F42: TamilNet | G42: News | H42: English | I42: Brahmi / பிராமி | J42: Tamil Brahmi; overseas | K42: Yes | M42: https://tamilnet.com/art.html?artid=35707&catid=79
A43: NW-0042 | B43: 2011 | D43: Would the heritage monuments which characterize our culture be considered during road development? | E43: S. Sajitharan | F43: Sunday Yarl Thinakkural | G43: Feature | H43: Tamil | I43: Archaeology / தொல்லியல் | J43: heritage; monuments | K43: Yes | M43: https://www.his.jfn.ac.lk/?p=791
A44: NW-0043 | B44: 2011 | C44: 2011-02-15 | D44: அழிந்த சிவன் கோயிலின் எச்சங்கள் | F44: Thinakaran | G44: Feature | H44: Tamil | I44: Archaeology / தொல்லியல் | J44: தொல்லியல்; temple ruins | K44: Yes | M44: https://archives.thinakaran.lk/2011/02/15/?fn=i1102155&p=1
A45: NW-0044 | B45: 2010 | C45: 2010-06-27 | D45: Tamil Brahmi inscription found in Tissamaharama | F45: TamilNet | G45: News | H45: English | I45: Inscriptions / கல்வெட்டு; Brahmi / பிராமி | J45: Tamil Brahmi; Tissamaharama | K45: Yes | M45: https://tamilnet.com/art.html?artid=32063&catid=79
A46: NW-0045 | B46: 2010 | C46: 2010-07-28 | D46: Tissamaharama potsherd evidences ordinary early Tamils among population | F46: TamilNet | G46: News | H46: English | I46: Brahmi / பிராமி | J46: Tamil Brahmi; potsherd | K46: Yes | M46: https://www.tamilnet.com/art.html?artid=32303&catid=79
A47: NW-0046 | B47: 2010 | C47: 2010-09-08 | D47: 08.09.10 SL Army, Archaeology dept appropriate lands of uprooted Tamils in Maathakal | F47: TamilNet | G47: News | H47: English | I47: Archaeology / தொல்லியல் | J47: archaeology | K47: Yes | L47: Google News query: archaeology Jaffna. Auto-collected 2026-10-14 (news); review. | M47: https://news.google.com/rss/articles/CBMiZEFVX3lxTFBENjVRODRyaWJQVnFWX19mQTFVTHlJcWZ3Si1fVFdPbHB0WDFZS19OVllKLTU2RGdqRHMyV3dBbVgzQjdSXzQtUW1hcGFMcXBIMTlVTHo2d0lFRVQzaVdDNzFlM0Y?oc=5
A48: NW-0047 | B48: 2010 | C48: 2010-10-21 | D48: Tissamaharama Tamil Brahmi inscription missing | F48: TamilNet | G48: News | H48: English | I48: Inscriptions / கல்வெட்டு; Brahmi / பிராமி | J48: Tamil Brahmi; Tissamaharama | K48: Yes | M48: https://tamilnet.com/art.html?artid=32843&catid=79
A49: NW-0048 | B49: 2010 | C49: 2010-10-23 | D49: Millennium old Tamil inscription found in Trincomalee | F49: TamilNet | G49: News | H49: English | I49: Inscriptions / கல்வெட்டு | J49: Tamil inscription; Trincomalee | K49: Yes | M49: https://www.tamilnet.com/art.html?artid=32850&catid=13
A50: NW-0049 | B50: 2009 | C50: 2009-09-18 | D50: Inscriptions of ancient and medieval Sri Lanka | F50: Daily News (Sri Lanka) | G50: Feature | H50: English | I50: Inscriptions / கல்வெட்டு | J50: inscriptions | K50: Yes | L50: Author to verify | M50: https://archives.dailynews.lk/2009/09/18/fea30.asp
A51: NW-0050 | B51: 2008 | C51: 2008-05-04 | D51: A solid work in range and richness (review of Rock and Wall Paintings of Sri Lanka) | E51: Ashley Halpé | F51: Sunday Times (Sri Lanka) | G51: Book review | H51: English | I51: Rock art / பாறை ஓவியம் | J51: rock art; review | K51: Yes | M51: https://www.sundaytimes.lk/080504/Plus/plus000025.html
A52: NW-0051 | B52: 2000 | C52: 2000-04-23 | D52: Coins of history | E52: D. C. Ranatunga | F52: Sunday Times (Sri Lanka) | G52: Book review | H52: English | I52: Coins / நாணயம் | J52: coins; Tissamaharama | K52: Yes | M52: https://www.sundaytimes.lk/000423/plus3.html
A53: NW-0052 | D53: 2,000-year-old Tamil-Brahmi inscriptions discovered in Egypt's Valley of the Kings | F53: Tamil Guardian | G53: News | H53: English | I53: Inscriptions / கல்வெட்டு; Brahmi / பிராமி | J53: Tamil Brahmi; overseas | K53: Unknown | L53: Context item (not Sri Lanka) | M53: https://www.tamilguardian.com/content/2000-year-old-tamil-brahmi-inscriptions-discovered-egypts-valley-kings
A54: NW-0053 | D54: 3,400 year old human remains discovered in Velanai, Jaffna | F54: Tamil Guardian | G54: News | H54: English | I54: Archaeology / தொல்லியல் | J54: archaeology; Velanai; megalithic | K54: Unknown | M54: https://www.tamilguardian.com/content/3400-year-old-human-remains-discovered-velanai-jaffna
A55: NW-0054 | D55: 3300-year-old archaeological site discovered in Sri Lanka | F55: History News Network | G55: News | H55: English | I55: Archaeology / தொல்லியல் | J55: archaeology; megalithic | K55: Unknown | L55: Year to verify | M55: https://www.historynewsnetwork.org/article/117404
A56: NW-0055 | D56: Ancient Pandyan coins bring intrigue and dispute in Sri Lanka | F56: Tamil Guardian | G56: News | H56: English | I56: Coins / நாணயம் | J56: coins; Pandya | K56: Unknown | M56: https://www.tamilguardian.com/content/ancient-pandyan-coins-bring-intrigue-and-dispute-sri-lanka
A57: NW-0056 | D57: Book Review: The Historian As Bridge | F57: Colombo Telegraph | G57: Review | H57: English | J57: book review | K57: Unknown | M57: https://www.colombotelegraph.com/index.php/book-review-the-historian-as-bridge/
A58: NW-0057 | D58: C V Wigneswaran on Pathmanathan's book | F58: Sunday Observer | G58: Feature | H58: English | J58: book review; Pathmanathan | K58: Unknown | M58: https://archives1.sundayobserver.lk/node/26758
A59: NW-0058 | D59: Little known facets of Sri Lankan history: a Chola princess and the old name for Jaffna | F59: The Island | G59: Feature | H59: English | J59: Chola; Jaffna | K59: Unknown | M59: https://island.lk/little-known-facets-of-sri-lankan-historya-chola-princess-and-the-old-name-for-jaffna/
A60: NW-0059 | D60: Mandarin and Tamil: a historical perspective | F60: The Island | G60: Feature | H60: English | I60: Inscriptions / கல்வெட்டு | J60: Galle trilingual inscription; Tamil | K60: Unknown | L60: Year to verify | M60: https://island.lk/mandarin-and-tamil-a-historical-perspective/
A61: NW-0060 | D61: Neelagiri Hela Bithusithuwam | F61: Sunday Observer | G61: Feature | H61: English | I61: Rock art / பாறை ஓவியம் | J61: paintings; Neelagiri | K61: Unknown | M61: https://archives1.sundayobserver.lk/node/59637
A62: NW-0061 | D62: Reptiles in rock and time: unveiling Sri Lanka's ancient herpetological art | F62: The Island | G62: News | H62: English | I62: Rock art / பாறை ஓவியம் | J62: rock art; பாறை ஓவியம் | K62: Unknown | M62: https://island.lk/reptiles-in-rock-and-time-unveiling-sri-lankas-ancient-herpetological-art/
A63: NW-0062 | D63: Scripts in ancient Sri Lanka | F63: Sunday Observer | G63: Feature | H63: English | I63: Brahmi / பிராமி | J63: Brahmi; Tamil Brahmi | K63: Unknown | M63: https://archives1.sundayobserver.lk/node/44600
A64: NW-0063 | D64: Sri Lanka threatens legal action over Hindu worship at Kurunthur Malai | F64: Tamil Guardian | G64: News | H64: English | I64: Archaeology / தொல்லியல் | J64: Kurunthurmalai; archaeology department | K64: Unknown | M64: https://www.tamilguardian.com/index.php/node/955066
A65: NW-0064 | D65: Sri Lanka's Role In South Asia's Earliest Writing Controversy | F65: Colombo Telegraph | G65: Opinion | H65: English | I65: Brahmi / பிராமி | J65: Brahmi; early writing | K65: Unknown | M65: https://www.colombotelegraph.com/index.php/sri-lankas-role-in-south-asias-earliest-writing-controversy/
A66: NW-0065 | D66: Tamil civilisation - is it the oldest? | F66: Tamil Guardian | G66: Feature | H66: English | I66: Archaeology / தொல்லியல் | J66: archaeology debate | K66: Unknown | M66: https://www.tamilguardian.com/content/tamil-civilisation-it-oldest
A67: NW-0066 | D67: The Tamils Are The Original Inhabitants Of Sri Lanka | F67: Colombo Telegraph | G67: Opinion | H67: English | I67: Archaeology / தொல்லியல் | J67: archaeology; history debate | K67: Unknown | M67: https://www.colombotelegraph.com/index.php/the-tamils-are-the-original-inhabitants-of-sri-lanka/
A68: NW-0067 | D68: Trilingual inscription in Tamil, Chinese, and Persian recognised by UNESCO | F68: Tamil Guardian | G68: News | H68: English | I68: Inscriptions / கல்வெட்டு | J68: Galle trilingual inscription | K68: Unknown | M68: https://www.tamilguardian.com/index.php/content/trilingual-inscription-tamil-chinese-and-persian-recognised-unesco
A69: NW-0068 | D69: UNESCO and 'Trilingual inscription' | F69: The Island | G69: Opinion | H69: English | I69: Inscriptions / கல்வெட்டு | J69: Galle trilingual inscription | K69: Unknown | L69: 2025 (to verify) | M69: https://island.lk/unesco-and-trilingual-inscription/
A70: NW-0069 | D70: இலங்கையில் 2300 ஆண்டுகளுக்கு முன்பு தமிழர்கள் வாழ்ந்தார்கள் என்பதை நிரூபிக்கும் ஐந்து பிராமிக் கல்வெட்டுக்கள் | F70: Thinakkural | G70: Feature | H70: Tamil | I70: Inscriptions / கல்வெட்டு; Brahmi / பிராமி | J70: பிராமி; கல்வெட்டு | K70: Unknown | M70: https://thinakkural.lk/article/45056
A71: NW-0070 | D71: கலிங்கமாகன் பற்றிய முக்கிய கல்வெட்டு: அண்மையில் கண்டறியப்பட்ட தமிழர் வரலாறு | F71: Tamil Mirror | G71: Feature | H71: Tamil | I71: Inscriptions / கல்வெட்டு | J71: கல்வெட்டு; Kalinga Magha | K71: Unknown | M71: https://www.tamilmirror.lk/91-286936
A72: NW-0071 | D72: யாழ்ப்பாண அரசுகால வரலாறு கூறும் சங்கிலியன் தோரண வாசல் | E72: P. Pushparatnam | F72: Virakesari | G72: Feature | H72: Tamil | I72: Archaeology / தொல்லியல் | J72: Jaffna kingdom; Sangiliyan; தொல்லியல் | K72: Unknown | M72: https://www.virakesari.lk/article/160191

Sheet Magazines & Journals
A1: ID | B1: Year | C1: Date | D1: Title | E1: Author / Editor | F1: Publisher / Source | G1: Type | H1: Language | I1: Themes | J1: Keywords | K1: Within 1996-2026 | L1: Notes | M1: URL
A2: MG-0001 | B2: 2026 | C2: 2026-01-09 | D2: மாந்தை: பண்டைய இலங்கையின் நெடுங்கடல் வர்த்தகத் துறைநகர் | E2: Siva Thiagarajah | F2: Ezhuna (எழுநா) | G2: Online magazine article | H2: Tamil | I2: Archaeology / தொல்லியல் | J2: தொல்லியல்; Mantai; port | K2: Yes | L2: Series: Kantarodai civilization of ancient Jaffna | M2: https://www.ezhunaonline.com/manthai-the-seafaring-trading-center-of-ancient-sri-lanka/
A3: MG-0002 | B3: 2026 | C3: 2026-02-09 | D3: மரபிலிருந்து மாறி மரபாகுதல்: யாழ்ப்பாணத்துத் தென்மோடிக் கூத்து | E3: சின்னையா மௌனகுரு | F3: Ezhuna (எழுநா) | G3: Online magazine article | H3: Tamil | K3: Yes | L3: Auto-collected 2026-10-14 (ezhuna); review. | M3: https://www.ezhunaonline.com/from-tradition-to-tradition-the-southern-modic-koothu-of-jaffna/
A4: MG-0003 | B4: 2026 | C4: 2026-02-12 | D4: பண்டைய யாழ்ப்பாணத்தில் புராதன சமய நடைமுறைகள் – பகுதி 2 | E4: Siva Thiagarajah | F4: Ezhuna (எழுநா) | G4: Online magazine article | H4: Tamil | J4: religion; Jaffna | K4: Yes | L4: Series: Kantarodai civilization of ancient Jaffna | M4: https://www.ezhunaonline.com/ancient-religious-practices-in-ancient-jaffna-part-2/
A5: MG-0004 | B5: 2026 | C5: 2026-03-13 | D5: யாழ்ப்பாண பௌத்தம் கி.மு. 100 – கி.பி. 1200 – பகுதி 2 | E5: Siva Thiagarajah | F5: Ezhuna (எழுநா) | G5: Online magazine article | H5: Tamil | I5: Archaeology / தொல்லியல் | J5: Buddhism; Jaffna; archaeology | K5: Yes | L5: Series: Kantarodai civilization of ancient Jaffna | M5: https://www.ezhunaonline.com/jaffna-buddhism-100-bc-1200-ad-part-2/
A6: MG-0005 | B6: 2026 | C6: 2026-04-06 | D6: கந்தரோடையிலும் வடஇலங்கையின் பிற இடங்களிலும் கண்ட ஆதிகால நாணயங்கள் – பகுதி 1 | E6: Siva Thiagarajah | F6: Ezhuna (எழுநா) | G6: Online magazine article | H6: Tamil | I6: Coins / நாணயம் | J6: coins; Kantarodai | K6: Yes | L6: Series: Kantarodai civilization of ancient Jaffna | M6: https://www.ezhunaonline.com/ancient-coins-found-in-kandy-and-northern-sri-lanka-part-1/
A7: MG-0006 | B7: 2026 | C7: 2026-04-09 | D7: கந்தரோடையிலும் வடஇலங்கையின் பிற இடங்களிலும் கண்ட ஆதிகால நாணயங்கள் – பகுதி 2 | E7: Siva Thiagarajah | F7: Ezhuna (எழுநா) | G7: Online magazine article | H7: Tamil | I7: Coins / நாணயம் | J7: coins; Kantarodai | K7: Yes | L7: Series: Kantarodai civilization of ancient Jaffna | M7: https://www.ezhunaonline.com/ancient-coins-found-in-kandy-and-northern-sri-lanka-part-2/
A8: MG-0007 | B8: 2026 | C8: 2026-05-19 | D8: கந்தரோடை நாகரிகத்தின் தோற்றமும் படிமுறை வளர்ச்சியும் – பகுதி 4 | E8: Siva Thiagarajah | F8: Ezhuna (எழுநா) | G8: Online magazine article | H8: Tamil | I8: Archaeology / தொல்லியல் | J8: தொல்லியல்; Kantarodai | K8: Yes | L8: Series: Kantarodai civilization of ancient Jaffna | M8: https://www.ezhunaonline.com/origin-and-gradual-development-of-the-gandharoda-civilization-part-4/
A9: MG-0008 | B9: 2026 | C9: 2026-06-22 | D9: இலங்கையின் மகாவம்ச வரலாற்றைப் புரட்டிப்போட்ட கந்தரோடைத் தொல்லியலும் ஆதி இரும்புக்காலம் பற்றிய அறிவியல் ஆய்வுகளும் – பகுதி 5 | E9: Siva Thiagarajah | F9: Ezhuna (எழுநா) | G9: Online magazine article | H9: Tamil | I9: Archaeology / தொல்லியல் | J9: தொல்லியல்; Kantarodai; Iron Age | K9: Yes | L9: Series: Kantarodai civilization of ancient Jaffna | M9: https://www.ezhunaonline.com/the-gandarodai-archaeological-site-and-scientific-studies-on-the-early-iron-age-that-overturned-the-mahavamsa-history-of-sri-lanka-part-5/
A10: MG-0009 | B10: 2026 | C10: 2026-06-30 | D10: தொல்லியலும் கடந்த காலத்தை ஆயுதமாக்குதலும் – பகுதி 2 | E10: மீநிலங்கோ தெய்வேந்திரன் | F10: Ezhuna (எழுநா) | G10: Online magazine article | H10: Tamil | K10: Yes | L10: Auto-collected 2026-10-14 (ezhuna); review. | M10: https://www.ezhunaonline.com/archaeology-and-weaponizing-the-past-part-2/
A11: MG-0010 | B11: 2026 | C11: 2026-07-15 | D11: திராவிட மக்களின் மரபணு மூலங்களும் தமிழ்மொழியின் படிமுறைத் தோற்றமும் – அறிமுகம் | E11: சிவ தியாகராஜா | F11: Ezhuna (எழுநா) | G11: Online magazine article | H11: Tamil | K11: Yes | L11: Auto-collected 2026-10-14 (ezhuna); review. | M11: https://www.ezhunaonline.com/the-genetic-origins-of-the-dravidian-people-and-the-evolutionary-emergence-of-the-tamil-language-an-introduction/
A12: MG-0011 | B12: 2026 | C12: 2026-09-15 | D12: 2500 ஆண்டுகளுக்கு முற்பட்ட யாழ்ப்பாணத்து மக்களின் உணவுப் பழக்கவழக்கங்கள்: ஆனைக்கோட்டை அகழ்வாய்வில் வெளிச்சத்திற்கு வந்திருக்கும் உண்மைகள் | E12: பரமு புஷ்பரட்ணம் | F12: Ezhuna (எழுநா) | G12: Online magazine article | H12: Tamil | I12: Archaeology / தொல்லியல் | K12: Yes | L12: Auto-collected 2026-10-14 (ezhuna); review. | M12: https://www.ezhunaonline.com/dietary-habits-of-the-people-of-jaffna-2500-years-ago-facts-revealed-by-the-anaicottai-excavation/
A13: MG-0012 | B13: 2025 | C13: 2025-01-11 | D13: ஒச்சாப்பு கல்லு எனும் பண்டைய நாகர் குடியிருப்பு | E13: N. K. S. Thiruchelvam | F13: Ezhuna (எழுநா) | G13: Online magazine article | H13: Tamil | I13: Archaeology / தொல்லியல் | J13: தொல்லியல்; Naga settlement; Ochappu Kallu | K13: Yes | L13: Series: Naga people in Sri Lankan Brahmi inscriptions | M13: https://www.ezhunaonline.com/ochapu-kallu-is-an-ancient-nagar-settlement/
A14: MG-0013 | B14: 2025 | C14: 2025-01-24 | D14: பிராமணன் திவக்கனின் தங்கத் திருமலையில் நாகர் பற்றிய கல்வெட்டு | E14: N. K. S. Thiruchelvam | F14: Ezhuna (எழுநா) | G14: Online magazine article | H14: Tamil | I14: Inscriptions / கல்வெட்டு | J14: கல்வெட்டு; Naga | K14: Yes | L14: Series: Naga people in Sri Lankan Brahmi inscriptions | M14: https://www.ezhunaonline.com/inscription-about-nagar-on-thanga-tirumala-by-brahmin-divakan/
A15: MG-0014 | B15: 2025 | C15: 2025-01-30 | D15: கழிகாமமலையின் எல்லையில் | E15: Vivekanantharaja Thulanchanan | F15: Ezhuna (எழுநா) | G15: Online magazine article | H15: Tamil | J15: East coast; history | K15: Yes | L15: Series: East coast of Sri Lanka - a historical perspective | M15: https://www.ezhunaonline.com/on-the-border-of-ghazigamalai/
A16: MG-0015 | B16: 2025 | C16: 2025-02-09 | D16: அரிட்ட பர்வத மலை எனும் ரிட்டிகல மலையில் காணப்படும் நாகர் பற்றிய கல்வெட்டுகள் | E16: N. K. S. Thiruchelvam | F16: Ezhuna (எழுநா) | G16: Online magazine article | H16: Tamil | I16: Inscriptions / கல்வெட்டு | J16: கல்வெட்டு; Naga; Ritigala | K16: Yes | L16: Series: Naga people in Sri Lankan Brahmi inscriptions | M16: https://www.ezhunaonline.com/inscriptions-about-nagar-found-on-rittikala-hill-arita-parvata-hill/
A17: MG-0016 | B17: 2025 | C17: 2025-02-22 | D17: ரிதி விகாரை மலையில் நாக மகாராஜன் பற்றிய கல்வெட்டு | E17: N. K. S. Thiruchelvam | F17: Ezhuna (எழுநா) | G17: Online magazine article | H17: Tamil | I17: Inscriptions / கல்வெட்டு | J17: கல்வெட்டு; Naga; Ritigala | K17: Yes | L17: Series: Naga people in Sri Lankan Brahmi inscriptions | M17: https://www.ezhunaonline.com/inscription-of-naga-maharaja-on-rithi-viharai-hill/
A18: MG-0017 | B18: 2025 | C18: 2025-02-25 | D18: பண்டைய யாழ்ப்பாணத்தின் கந்தரோடை நாகரிகம் | E18: Siva Thiagarajah | F18: Ezhuna (எழுநா) | G18: Online magazine article | H18: Tamil | I18: Archaeology / தொல்லியல் | J18: தொல்லியல்; Kantarodai | K18: Yes | L18: Series: Kantarodai civilization of ancient Jaffna | M18: https://www.ezhunaonline.com/gandharoda-civilization-of-ancient-jaffna/
A19: MG-0018 | B19: 2025 | C19: 2025-03-05 | D19: யாழ்ப்பாணத்தின் நிலவியல், நில அமைப்பியல், ஆதிக் குடியிருப்புகள் | E19: Siva Thiagarajah | F19: Ezhuna (எழுநா) | G19: Online magazine article | H19: Tamil | I19: Archaeology / தொல்லியல் | J19: settlements; Jaffna | K19: Yes | L19: Series: Kantarodai civilization of ancient Jaffna | M19: https://www.ezhunaonline.com/geology-topography-and-ancient-settlements-of-jaffna/
A20: MG-0019 | B20: 2025 | C20: 2025-03-11 | D20: 2000 ஆண்டுகளுக்கு முன்பு சித்தர்கள் வாழ்ந்த ஆண்டியாகல மலைக் கல்வெட்டு | E20: N. K. S. Thiruchelvam | F20: Ezhuna (எழுநா) | G20: Online magazine article | H20: Tamil | I20: Inscriptions / கல்வெட்டு | J20: கல்வெட்டு; Andiyagala | K20: Yes | L20: Series: Naga people in Sri Lankan Brahmi inscriptions | M20: https://www.ezhunaonline.com/andiyagala-hill-inscription-where-siddhas-lived-2000-years-ago/
A21: MG-0020 | B21: 2025 | C21: 2025-03-30 | D21: நாக குலத்தவர் பற்றிக் கூறும் ஹிபவுவ கல்வெட்டு | E21: N. K. S. Thiruchelvam | F21: Ezhuna (எழுநா) | G21: Online magazine article | H21: Tamil | I21: Inscriptions / கல்வெட்டு | J21: கல்வெட்டு; Naga; Hibauwa | K21: Yes | L21: Series: Naga people in Sri Lankan Brahmi inscriptions | M21: https://www.ezhunaonline.com/hibauwa-inscription-about-the-naga-clan/
A22: MG-0021 | B22: 2025 | C22: 2025-04-10 | D22: வரலாறு மற்றும் இலக்கியப் பதிவுகளில் நாகநாடும் நாகர்களும் – பகுதி 2 | E22: Siva Thiagarajah | F22: Ezhuna (எழுநா) | G22: Online magazine article | H22: Tamil | J22: Naga; Naganadu | K22: Yes | L22: Series: Kantarodai civilization of ancient Jaffna | M22: https://www.ezhunaonline.com/nagaland-and-the-nagas-in-history-and-literary-records-part-2/
A23: MG-0022 | B23: 2025 | C23: 2025-05-05 | D23: தொல்பொருட்களின் தேதிக்கணிப்புகள் (The Dating of Archaeological Artefacts) | E23: Siva Thiagarajah | F23: Ezhuna (எழுநா) | G23: Online magazine article | H23: Tamil | I23: Archaeology / தொல்லியல் | J23: தொல்லியல்; dating | K23: Yes | L23: Series: Kantarodai civilization of ancient Jaffna | M23: https://www.ezhunaonline.com/the-dating-of-archaeological-artefacts/
A24: MG-0023 | B24: 2025 | C24: 2025-06-13 | D24: கந்தரோடைத் தொல்லியல் (Archaeology of Kantarodai) – பகுதி 3 | E24: Siva Thiagarajah | F24: Ezhuna (எழுநா) | G24: Online magazine article | H24: Tamil | I24: Archaeology / தொல்லியல் | J24: தொல்லியல்; Kantarodai | K24: Yes | L24: Series: Kantarodai civilization of ancient Jaffna | M24: https://www.ezhunaonline.com/archaeology-of-kantarodai-part-3/
A25: MG-0024 | B25: 2025 | C25: 2025-07-11 | D25: ஆனைக்கோட்டைத் தொல்லியலாய்வு | E25: Siva Thiagarajah | F25: Ezhuna (எழுநா) | G25: Online magazine article | H25: Tamil | I25: Inscriptions / கல்வெட்டு; Archaeology / தொல்லியல் | J25: தொல்லியல்; Anaikoddai; seal | K25: Yes | L25: Series: Kantarodai civilization of ancient Jaffna | M25: https://www.ezhunaonline.com/anaikottai-archaeological-survey/
A26: MG-0025 | B26: 2025 | C26: 2025-07-14 | D26: மன்னன் நாகன் பற்றிக் கூறும் கள்ளஞ்சிய பாறைக் கல்வெட்டு | E26: N. K. S. Thiruchelvam | F26: Ezhuna (எழுநா) | G26: Online magazine article | H26: Tamil | I26: Inscriptions / கல்வெட்டு | J26: கல்வெட்டு; Naga; Kallanchiya | K26: Yes | L26: Series: Naga people in Sri Lankan Brahmi inscriptions | M26: https://www.ezhunaonline.com/the-kallanchiya-rock-inscription-tells-of-king-nagan/
A27: MG-0026 | B27: 2025 | C27: 2025-08-25 | D27: யாழ்ப்பாணப் பட்டினம்: பொங்கொலிநீர்ச் சிங்கைநகர் – பகுதி 2 | E27: Siva Thiagarajah | F27: Ezhuna (எழுநா) | G27: Online magazine article | H27: Tamil | J27: Singai Nagar; Jaffna | K27: Yes | L27: Series: Kantarodai civilization of ancient Jaffna | M27: https://www.ezhunaonline.com/jaffna-city-pongoli-water-lion-city-part-2/
A28: MG-0027 | B28: 2025 | C28: 2025-09-04 | D28: வல்லிபுரமும் நாகர்கோயிலும் | E28: Siva Thiagarajah | F28: Ezhuna (எழுநா) | G28: Online magazine article | H28: Tamil | I28: Archaeology / தொல்லியல் | J28: தொல்லியல்; Vallipuram | K28: Yes | L28: Series: Kantarodai civilization of ancient Jaffna | M28: https://www.ezhunaonline.com/vallipuram-and-nagercoil/
A29: MG-0028 | B29: 2025 | C29: 2025-10-10 | D29: யாழ்ப்பாணத் தீபகற்பத்திற்குச் சமீபத்திலுள்ள ஆதிக்குடியேற்றங்கள் | E29: Siva Thiagarajah | F29: Ezhuna (எழுநா) | G29: Online magazine article | H29: Tamil | I29: Archaeology / தொல்லியல் | J29: தொல்லியல்; settlements | K29: Yes | L29: Series: Kantarodai civilization of ancient Jaffna | M29: https://www.ezhunaonline.com/early-settlements-near-the-jaffna-peninsula/
A30: MG-0029 | B30: 2025 | C30: 2025-11-06 | D30: வட இலங்கைப் பெருநிலத்தில் ஆதிமனிதக் குடியேற்றங்கள் | E30: Siva Thiagarajah | F30: Ezhuna (எழுநா) | G30: Online magazine article | H30: Tamil | I30: Archaeology / தொல்லியல் | J30: தொல்லியல்; prehistoric settlements | K30: Yes | L30: Series: Kantarodai civilization of ancient Jaffna | M30: https://www.ezhunaonline.com/primitive-settlements-in-the-northern-mainland-of-sri-lanka/
A31: MG-0030 | B31: 2025 | C31: 2025-12-18 | D31: இலங்கையில் ஆதி இரும்புக்காலமும் பெருங்கற் பண்பாடும் – பகுதி 3 | E31: Siva Thiagarajah | F31: Ezhuna (எழுநா) | G31: Online magazine article | H31: Tamil | I31: Archaeology / தொல்லியல் | J31: megalithic; Iron Age | K31: Yes | L31: Series: Kantarodai civilization of ancient Jaffna | M31: https://www.ezhunaonline.com/early-iron-age-and-neolithic-culture-in-sri-lanka-part-3/
A32: MG-0031 | B32: 2024 | C32: 2024-01-26 | D32: கீழைக்கரையில் நாகரும் அனுரை அரசரும் | E32: Vivekanantharaja Thulanchanan | F32: Ezhuna (எழுநா) | G32: Online magazine article | H32: Tamil | J32: Naga; East coast | K32: Yes | L32: Series: East coast of Sri Lanka - a historical perspective | M32: https://www.ezhunaonline.com/history-of-naga-and-anuradhapura-kings-in-eastern-srilanka/
A33: MG-0032 | B33: 2024 | C33: 2024-02-21 | D33: கீழைக்கரையின் முதல் அரசு : பத்து உடன்பிறந்தோர் குலம்! | E33: Vivekanantharaja Thulanchanan | F33: Ezhuna (எழுநா) | G33: Online magazine article | H33: Tamil | I33: Inscriptions / கல்வெட்டு; Brahmi / பிராமி | J33: East coast; Brahmi inscriptions | K33: Yes | L33: Series: East coast of Sri Lanka - a historical perspective | M33: https://www.ezhunaonline.com/the-first-ten-clans-of-eastern-sri-lanka/
A34: MG-0033 | B34: 2024 | C34: 2024-02-28 | D34: 2000 ஆண்டுகளுக்கு முற்பட்ட பிராமிக் கல்வெட்டுகள் : ஓர் அறிமுகம் – பகுதி 1 | E34: N. K. S. Thiruchelvam | F34: Ezhuna (எழுநா) | G34: Online magazine article | H34: Tamil | I34: Inscriptions / கல்வெட்டு; Brahmi / பிராமி | J34: பிராமி; introduction | K34: Yes | L34: Series: Naga people in Sri Lankan Brahmi inscriptions | M34: https://www.ezhunaonline.com/an-introduction-to-brahmi-inscriptions-in-sri-lanka/
A35: MG-0034 | B35: 2024 | C35: 2024-03-19 | D35: நாகசேனன் பற்றிக் குறிப்பிடும் சித்துள்பவ்வ கல்வெட்டுகள் | E35: N. K. S. Thiruchelvam | F35: Ezhuna (எழுநா) | G35: Online magazine article | H35: Tamil | I35: Inscriptions / கல்வெட்டு | J35: கல்வெட்டு; Situlpahuwa | K35: Yes | L35: Series: Naga people in Sri Lankan Brahmi inscriptions | M35: https://www.ezhunaonline.com/tamil-brahmi-inscription-in-ambanthotta-2/
A36: MG-0035 | B36: 2024 | C36: 2024-03-22 | D36: கீழைக்கரை : துட்டகாமணி முதல் வட்டகாமணி வரை | E36: Vivekanantharaja Thulanchanan | F36: Ezhuna (எழுநா) | G36: Online magazine article | H36: Tamil | J36: East coast; history | K36: Yes | L36: Series: East coast of Sri Lanka - a historical perspective | M36: https://www.ezhunaonline.com/from-vattagamini-to-vattagamini/
A37: MG-0036 | B37: 2024 | C37: 2024-04-12 | D37: வடக்கு மாகாணத்தில் நாகர் | E37: N. K. S. Thiruchelvam | F37: Ezhuna (எழுநா) | G37: Online magazine article | H37: Tamil | J37: Naga; Northern Province | K37: Yes | L37: Series: Naga people in Sri Lankan Brahmi inscriptions | M37: https://www.ezhunaonline.com/history-of-nagar-in-northern-sri-lanka/
A38: MG-0037 | B38: 2024 | C38: 2024-04-15 | D38: மகாசேனன் காலம் வரை கிழக்கு உரோகணம் | E38: Vivekanantharaja Thulanchanan | F38: Ezhuna (எழுநா) | G38: Online magazine article | H38: Tamil | J38: East coast; Ruhuna | K38: Yes | L38: Series: East coast of Sri Lanka - a historical perspective | M38: https://www.ezhunaonline.com/eastern-ruhunu-until-the-period-of-mahasenan/
A39: MG-0038 | B39: 2024 | C39: 2024-04-25 | D39: மிகுந்தலையில் நாக வழிபாடும், நாகர் பற்றிய பிராமிக் கல்வெட்டுகளும் | E39: N. K. S. Thiruchelvam | F39: Ezhuna (எழுநா) | G39: Online magazine article | H39: Tamil | I39: Inscriptions / கல்வெட்டு; Brahmi / பிராமி | J39: பிராமி; Mihintale | K39: Yes | L39: Series: Naga people in Sri Lankan Brahmi inscriptions | M39: https://www.ezhunaonline.com/naga-culture-in-mihintala-anuradhapura/
A40: MG-0039 | B40: 2024 | C40: 2024-05-09 | D40: நாக யுவராஜனின் தவறான சமய நம்பிக்கை பற்றிக் குறிப்பிடும் திஸ்ஸமகராம கல்வெட்டு | E40: N. K. S. Thiruchelvam | F40: Ezhuna (எழுநா) | G40: Online magazine article | H40: Tamil | I40: Inscriptions / கல்வெட்டு | J40: கல்வெட்டு; Tissamaharama | K40: Yes | L40: Series: Naga people in Sri Lankan Brahmi inscriptions | M40: https://www.ezhunaonline.com/thissamaharama-inscription/
A41: MG-0040 | B41: 2024 | C41: 2024-05-11 | D41: நாக இனக் குழுவும் இலங்கைத் தமிழரும் : அண்மைக்காலத் தொல்லியல் ஆய்வுகளை அடிப்படையாகக் கொண்ட ஆய்வு – பகுதி 1 | E41: பரமு புஷ்பரட்ணம் | F41: Ezhuna (எழுநா) | G41: Online magazine article | H41: Tamil | I41: Archaeology / தொல்லியல் | J41: தொல்லியல் | K41: Yes | L41: Auto-collected 2026-10-14 (ezhuna); review. | M41: https://www.ezhunaonline.com/archaeological-reseachers-of-nagar-in-sri-lanka/
A42: MG-0041 | B42: 2024 | C42: 2024-05-16 | D42: நாக இனக் குழுவும் இலங்கைத் தமிழரும் – பகுதி 2 | E42: பரமு புஷ்பரட்ணம் | F42: Ezhuna (எழுநா) | G42: Online magazine article | H42: Tamil | K42: Yes | L42: Auto-collected 2026-10-14 (ezhuna); review. | M42: https://www.ezhunaonline.com/nagar-culture-in-sri-lankan-history-part-2/
A43: MG-0042 | B43: 2024 | C43: 2024-05-28 | D43: பிதுரங்கல பிராமிக் கல்வெட்டுகளில் நாகர் | E43: N. K. S. Thiruchelvam | F43: Ezhuna (எழுநா) | G43: Online magazine article | H43: Tamil | I43: Inscriptions / கல்வெட்டு; Brahmi / பிராமி | J43: பிராமி; Pidurangala | K43: Yes | L43: Series: Naga people in Sri Lankan Brahmi inscriptions | M43: https://www.ezhunaonline.com/pidurangala-bhirami-inscription/
A44: MG-0043 | B44: 2024 | C44: 2024-06-02 | D44: மண்முனையில் பற்சின்னம் கொணர்ந்தவளும் மல்வத்தையில் புத்தர் சிலை அமைத்தவனும் | E44: Vivekanantharaja Thulanchanan | F44: Ezhuna (எழுநா) | G44: Online magazine article | H44: Tamil | J44: East coast; history | K44: Yes | L44: Series: East coast of Sri Lanka - a historical perspective | M44: https://www.ezhunaonline.com/sri-lanka-eastern-province-ancient-history/
A45: MG-0044 | B45: 2024 | C45: 2024-06-07 | D45: இலங்கையில் தமிழ் அரச மரபின் தோற்றத்தை அடையாளப்படுத்திக் காட்டும் பிராமிச் சாசனங்கள் | E45: பரமு புஷ்பரட்ணம் | F45: Ezhuna (எழுநா) | G45: Online magazine article | H45: Tamil | I45: Inscriptions / கல்வெட்டு; Brahmi / பிராமி | J45: பிராமி | K45: Yes | L45: Auto-collected 2026-10-14 (ezhuna); review. | M45: https://www.ezhunaonline.com/brahmi-inscription-about-sri-lankan-kingdoms/
A46: MG-0045 | B46: 2024 | C46: 2024-06-27 | D46: பொற்கொல்லன் நாகன் பற்றிக் கூறும் அனுராதபுரம் – வெஸ்ஸகிரி கல்வெட்டுகள் | E46: N. K. S. Thiruchelvam | F46: Ezhuna (எழுநா) | G46: Online magazine article | H46: Tamil | I46: Inscriptions / கல்வெட்டு | J46: கல்வெட்டு; Vessagiri; Anuradhapura | K46: Yes | L46: Series: Naga people in Sri Lankan Brahmi inscriptions | M46: https://www.ezhunaonline.com/vessagiriya-inscription-that-tells-about-naga-blacksmith/
A47: MG-0046 | B47: 2024 | C47: 2024-06-28 | D47: அக்கபோதியின் மனைவி : அக்கபோதி கவர்ந்து சென்ற அக்கபோதியின் மகள் | E47: Vivekanantharaja Thulanchanan | F47: Ezhuna (எழுநா) | G47: Online magazine article | H47: Tamil | J47: East coast; history | K47: Yes | L47: Series: East coast of Sri Lanka - a historical perspective | M47: https://www.ezhunaonline.com/the-wife-of-akkapothi-sri-lankan-eastern-history/
A48: MG-0047 | B48: 2024 | C48: 2024-07-14 | D48: தமிழ் மன்னன் திரிதரனின் மகன் மகாநாகன் பொறித்த கதிர்காமக் கல்வெட்டு | E48: N. K. S. Thiruchelvam | F48: Ezhuna (எழுநா) | G48: Online magazine article | H48: Tamil | I48: Inscriptions / கல்வெட்டு | J48: கல்வெட்டு; Kataragama | K48: Yes | L48: Series: Naga people in Sri Lankan Brahmi inscriptions | M48: https://www.ezhunaonline.com/kathirgamam-inscription-by-tamil-king-maha-nagan/
A49: MG-0048 | B49: 2024 | C49: 2024-07-29 | D49: சித்தர் மலைப்பகுதியில் நாக மகாராஜன் செய்த பணிகள் பற்றிக் குறிப்பிடும் கல்வெட்டு | E49: N. K. S. Thiruchelvam | F49: Ezhuna (எழுநா) | G49: Online magazine article | H49: Tamil | I49: Inscriptions / கல்வெட்டு | J49: கல்வெட்டு; Siththar malai | K49: Yes | L49: Series: Naga people in Sri Lankan Brahmi inscriptions | M49: https://www.ezhunaonline.com/siththar-rock-inscription-which-tell-about-maharajan/
A50: MG-0049 | B50: 2024 | C50: 2024-07-30 | D50: இறக்காமம் : அனுராதபுரச் சேனாதிபதி அரக்கனுக்காக வரி விலக்கப்பட்ட ஊர் | E50: Vivekanantharaja Thulanchanan | F50: Ezhuna (எழுநா) | G50: Online magazine article | H50: Tamil | I50: Inscriptions / கல்வெட்டு | J50: கல்வெட்டு; Irakkamam | K50: Yes | L50: Series: East coast of Sri Lanka - a historical perspective | M50: https://www.ezhunaonline.com/irakkamam-a-tax-free-village-for-anuradhapura-commander/
A51: MG-0050 | B51: 2024 | C51: 2024-08-04 | D51: தொல்லியல் நோக்கில் கதிரமலை அரசு | E51: பரமு புஷ்பரட்ணம் | F51: Ezhuna (எழுநா) | G51: Online magazine article | H51: Tamil | I51: Archaeology / தொல்லியல் | J51: தொல்லியல் | K51: Yes | L51: Auto-collected 2026-10-14 (ezhuna); review. | M51: https://www.ezhunaonline.com/archaeological-view-of-kathiramalai-kingdom/
A52: MG-0051 | B52: 2024 | C52: 2024-08-13 | D52: நாகசிவன், நாகவிய, நாகப்ப சவிய ஆகியவை பற்றிக் குறிப்பிடும் பண்டகிரிய கல்வெட்டு | E52: N. K. S. Thiruchelvam | F52: Ezhuna (எழுநா) | G52: Online magazine article | H52: Tamil | I52: Inscriptions / கல்வெட்டு | J52: கல்வெட்டு; Pandagiriya | K52: Yes | L52: Series: Naga people in Sri Lankan Brahmi inscriptions | M52: https://www.ezhunaonline.com/pandakiriya-inscription/
A53: MG-0052 | B53: 2024 | C53: 2024-08-23 | D53: யுவராஜன் நாகனின் கொள்ளுப் பேரன் இளவரசன் நாகன் பற்றிக் குறிப்பிடும் படர்கல் மலைக் கல்வெட்டு | E53: N. K. S. Thiruchelvam | F53: Ezhuna (எழுநா) | G53: Online magazine article | H53: Tamil | I53: Inscriptions / கல்வெட்டு | J53: கல்வெட்டு; Padarkal malai | K53: Yes | L53: Series: Naga people in Sri Lankan Brahmi inscriptions | M53: https://www.ezhunaonline.com/padarkal-malai-inscrption/
A54: MG-0053 | B54: 2024 | C54: 2024-09-11 | D54: மகா நாக மன்னன் பற்றிக் குறிப்பிடும் வேலோடும் மலை – நாகமலைக் கல்வெட்டு | E54: N. K. S. Thiruchelvam | F54: Ezhuna (எழுநா) | G54: Online magazine article | H54: Tamil | I54: Inscriptions / கல்வெட்டு | J54: கல்வெட்டு; Velodum malai | K54: Yes | L54: Series: Naga people in Sri Lankan Brahmi inscriptions | M54: https://www.ezhunaonline.com/velodum-malai-nagamalai-inscription-mentions-maha-naga-king/
A55: MG-0054 | B55: 2024 | C55: 2024-09-22 | D55: நாகபர்வத மலை எனும் பம்பரகஸ்தலாவ மலையில் நாகர் பற்றிய கல்வெட்டுகள் | E55: N. K. S. Thiruchelvam | F55: Ezhuna (எழுநா) | G55: Online magazine article | H55: Tamil | I55: Inscriptions / கல்வெட்டு | J55: கல்வெட்டு; Bambaragastalawa | K55: Yes | L55: Series: Naga people in Sri Lankan Brahmi inscriptions | M55: https://www.ezhunaonline.com/inscriptions-about-nagar-on-pambarakasthalava-hill-nagaparvata-hill/
A56: MG-0055 | B56: 2024 | C56: 2024-10-08 | D56: பூநகரிப் பிராந்தியத்தில் அண்மையில் கண்டுபிடிக்கப்பட்ட வேள், ஈழம் பற்றிய தமிழ்ப் பிராமிச் சாசனங்கள் | E56: பரமு புஷ்பரட்ணம் | F56: Ezhuna (எழுநா) | G56: Online magazine article | H56: Tamil | I56: Inscriptions / கல்வெட்டு; Brahmi / பிராமி | J56: பிராமி | K56: Yes | L56: Auto-collected 2026-10-14 (ezhuna); review. | M56: https://www.ezhunaonline.com/tamil-brahmic-charters-of-vel-eelam-recently-discovered-in-poonagri-region/
A57: MG-0056 | B57: 2024 | C57: 2024-10-15 | D57: நாக மன்னன் பற்றியும், நாகக் கால்வாய் பற்றியும் குறிப்பிடும் இலங்கைத்துறை, கல்லடி நீலியம்மன் மலைக் கல்வெட்டுகள் | E57: N. K. S. Thiruchelvam | F57: Ezhuna (எழுநா) | G57: Online magazine article | H57: Tamil | I57: Inscriptions / கல்வெட்டு | J57: கல்வெட்டு; Ilankaithurai; Trincomalee | K57: Yes | L57: Series: Naga people in Sri Lankan Brahmi inscriptions | M57: https://www.ezhunaonline.com/kalladi-niliyamman-hill-inscriptions-sri-lanka-mentions-the-naga-king-and-the-naga-canal/
A58: MG-0057 | B58: 2024 | C58: 2024-10-27 | D58: நாகர் பற்றிக் குறிப்பிடும் ரஜகல எனும் ராசமலைக் கல்வெட்டுகள் | E58: N. K. S. Thiruchelvam | F58: Ezhuna (எழுநா) | G58: Online magazine article | H58: Tamil | I58: Inscriptions / கல்வெட்டு | J58: கல்வெட்டு; Rajagala | K58: Yes | L58: Series: Naga people in Sri Lankan Brahmi inscriptions | M58: https://www.ezhunaonline.com/the-rajagala-inscriptions-refer-to-nagar/
A59: MG-0058 | B59: 2024 | C59: 2024-11-14 | D59: கிராம அதிகாரி நாகன் பற்றிக் குறிப்பிடும் குடும்பிகல மலைக் கல்வெட்டு | E59: N. K. S. Thiruchelvam | F59: Ezhuna (எழுநா) | G59: Online magazine article | H59: Tamil | I59: Inscriptions / கல்வெட்டு | J59: கல்வெட்டு; Kudumbigala | K59: Yes | L59: Series: Naga people in Sri Lankan Brahmi inscriptions | M59: https://www.ezhunaonline.com/the-kudumbigala-hill-inscription-mentions-the-village-officer-nagan/
... A64: MG-0063 | B64: 2023 | C64: 2023-01-13 | D64: தமிழர் பற்றிக் குறிப்பிடும் பிற்காலக் கல்வெட்டுக்கள் (சோழர் காலத்திற்கு முன்பு) | E64: N. K. S. Thiruchelvam | F64: Ezhuna (எழுநா) | G64: Online magazine article | H64: Tamil | I64: Inscriptions / கல்வெட்டு | J64: கல்வெட்டு; pre-Chola | K64: Yes | L64: Series: Tamils in Brahmi & Sinhala inscriptions | M64: https://www.ezhunaonline.com/later-inscriptions-refer-to-tamils/
A65: MG-0064 | B65: 2023 | C65: 2023-01-16 | D65: கிழார்களின் வம்ப வேந்தர் | E65: நடேசன் இரவீந்திரன் | F65: Ezhuna (எழுநா) | G65: Online magazine article | H65: Tamil | K65: Yes | L65: Auto-collected 2026-10-14 (ezhuna); review. | M65: https://www.ezhunaonline.com/kizhargalin-vampa-vendar/
A66: MG-0065 | B66: 2023 | C66: 2023-02-16 | D66: தமிழ் அதிகாரி மகாசாத்தான் பற்றி குறிப்பிடும் தாமரவெவ தூண் கல்வெட்டு | E66: N. K. S. Thiruchelvam | F66: Ezhuna (எழுநா) | G66: Online magazine article | H66: Tamil | I66: Inscriptions / கல்வெட்டு | J66: கல்வெட்டு; Tamaravewa pillar | K66: Yes | L66: Series: Tamils in Brahmi & Sinhala inscriptions | M66: https://www.ezhunaonline.com/tamaraveva-pillar-inscription-referring-to-the-tamil-official-mahasathan/
A67: MG-0066 | B67: 2023 | C67: 2023-03-10 | D67: தமிழர்களுக்கு மாகாண தலைப்பட்டினத்தைக் கொடுக்கக் கூடாது எனக் குறிப்பிடும் பதுளைக் கல்வெட்டு | E67: N. K. S. Thiruchelvam | F67: Ezhuna (எழுநா) | G67: Online magazine article | H67: Tamil | I67: Inscriptions / கல்வெட்டு | J67: கல்வெட்டு; Badulla pillar | K67: Yes | L67: Series: Tamils in Brahmi & Sinhala inscriptions | M67: https://www.ezhunaonline.com/badulla-inscription/
A68: MG-0067 | B68: 2023 | C68: 2023-03-31 | D68: பல ஆண்டுகளுக்குப் பின்னர் வரலாற்று வெளிச்சத்திற்கு வந்திருக்கும் அரிய தமிழ்க் கல்வெட்டு தம்பலகாமத்தில் மீளவும் கண்டுபிடிப்பு | E68: பரமு புஷ்பரட்ணம் | F68: Ezhuna (எழுநா) | G68: Online magazine article | H68: Tamil | I68: Inscriptions / கல்வெட்டு | J68: கல்வெட்டு | K68: Yes | L68: Auto-collected 2026-10-14 (ezhuna); review. | M68: https://www.ezhunaonline.com/rediscovery-of-tamil-inscription-at-tambalagama/
A69: MG-0068 | B69: 2023 | C69: 2023-04-04 | D69: தமிழர் கிராமங்கள் மற்றும் காணிகள் பற்றிக் கூறும் அநுராதபுரம் கல் தோணிக் கல்வெட்டு | E69: N. K. S. Thiruchelvam | F69: Ezhuna (எழுநா) | G69: Online magazine article | H69: Tamil | I69: Inscriptions / கல்வெட்டு | J69: கல்வெட்டு; Anuradhapura | K69: Yes | L69: Series: Tamils in Brahmi & Sinhala inscriptions | M69: https://www.ezhunaonline.com/anuradhapura-inscription/
A70: MG-0069 | B70: 2023 | C70: 2023-04-15 | D70: பிரித்தெடுக்கப்பட்ட தமிழரின் நிலம் பற்றிக் கூறும் ரன்கொத் விகாரை கல்வெட்டு | E70: N. K. S. Thiruchelvam | F70: Ezhuna (எழுநா) | G70: Online magazine article | H70: Tamil | I70: Inscriptions / கல்வெட்டு | J70: கல்வெட்டு; Rankoth Vihara | K70: Yes | L70: Series: Tamils in Brahmi & Sinhala inscriptions | M70: https://www.ezhunaonline.com/rankoth-viharai-inscription/
A71: MG-0070 | B71: 2023 | C71: 2023-04-22 | D71: தமிழரின் பெளத்தப் பள்ளி பற்றிக் கூறும் வெஸ்ஸகிரி கற்பலகைக் கல்வெட்டு | E71: N. K. S. Thiruchelvam | F71: Ezhuna (எழுநா) | G71: Online magazine article | H71: Tamil | I71: Inscriptions / கல்வெட்டு | J71: கல்வெட்டு; Vessagiri | K71: Yes | L71: Series: Tamils in Brahmi & Sinhala inscriptions | M71: https://www.ezhunaonline.com/wessagiri-inscription/
A72: MG-0071 | B72: 2023 | C72: 2023-04-25 | D72: கீழைக்கரைக்கான எழுத்துச் சான்றுகள் : நாடுகாட்டுப் பரவணிக் கல்வெட்டு III | E72: Vivekanantharaja Thulanchanan | F72: Ezhuna (எழுநா) | G72: Online magazine article | H72: Tamil | I72: Inscriptions / கல்வெட்டு | J72: கல்வெட்டு; Nadukadu Paravani | K72: Yes | L72: Series: East coast of Sri Lanka - a historical perspective | M72: https://www.ezhunaonline.com/keekhakarai-paravani-inscriptioniii/
A73: MG-0072 | B73: 2023 | C73: 2023-05-18 | D73: வன்னியில் வெளிச்சத்திற்கு வராத மிகப்பிரமாண்டமான சுற்றுலாத்தலம் | E73: பரமு புஷ்பரட்ணம் | F73: Ezhuna (எழுநா) | G73: Online magazine article | H73: Tamil | K73: Yes | L73: Auto-collected 2026-10-14 (ezhuna); review. | M73: https://www.ezhunaonline.com/the-biggest-undiscovered-tourist-destination-in-vanni/
A74: MG-0073 | B74: 2023 | C74: 2023-06-23 | D74: யாழ்ப்பாணக் கோட்டையின் அண்மைக்காலத் தொல்லியல் ஆய்வுகள் - ஒரு புதிய பார்வை - பகுதி 1 | E74: பரமு புஷ்பரட்ணம் | F74: Ezhuna (எழுநா) | G74: Online magazine article | H74: Tamil | I74: Archaeology / தொல்லியல் | J74: தொல்லியல்; Jaffna Fort | K74: Yes | M74: https://www.ezhunaonline.com/jaffna-fort/
A75: MG-0074 | B75: 2023 | C75: 2023-07-05 | D75: யாழ்ப்பாண நகரம் தோன்றிய காலத்தை மீளாய்வு செய்யும் யாழ்ப்பாணக் கோட்டை அகழ்வாய்வு | E75: பரமு புஷ்பரட்ணம் | F75: Ezhuna (எழுநா) | G75: Online magazine article | H75: Tamil | I75: Archaeology / தொல்லியல் | J75: அகழ்வாய்வு | K75: Yes | L75: Auto-collected 2026-10-14 (ezhuna); review. | M75: https://www.ezhunaonline.com/archaeological-research-of-jaffna-fort/
A76: MG-0075 | B76: 2023 | C76: 2023-08-16 | D76: யாழ்ப்பாண அரசில் ஆட்சிபுரிந்த புவனேகபாகு வெளியிட்ட முருகப் பெருமானைக் குறிக்கும் அரிய நாணயங்கள் | E76: பரமு புஷ்பரட்ணம் | F76: Ezhuna (எழுநா) | G76: Online magazine article | H76: Tamil | I76: Coins / நாணயம் | K76: Yes | L76: Auto-collected 2026-10-14 (ezhuna); review. | M76: https://www.ezhunaonline.com/the-coins-of-bhuvanaikabahu/
A77: MG-0076 | B77: 2023 | C77: 2023-08-31 | D77: கீழைக்கரைக்கான எழுத்துச் சான்றுகள் : மட்டக்களப்புப் பூர்வ சரித்திரம் III | E77: Vivekanantharaja Thulanchanan | F77: Ezhuna (எழுநா) | G77: Online magazine article | H77: Tamil | J77: Batticaloa; sources | K77: Yes | L77: Series: East coast of Sri Lanka - a historical perspective | M77: https://www.ezhunaonline.com/batticaloa-history-iii/
A78: MG-0077 | B78: 2023 | C78: 2023-09-06 | D78: அநுராதபுர இராசதானி காலத்தில் எல்லாள மன்னன் வெளியிட்ட தமிழ் நாணயம் | E78: பரமு புஷ்பரட்ணம் | F78: Ezhuna (எழுநா) | G78: Online magazine article | H78: Tamil | I78: Coins / நாணயம் | J78: நாணயம் | K78: Yes | L78: Auto-collected 2026-10-14 (ezhuna); review. | M78: https://www.ezhunaonline.com/tamil-coin-of-ellalan/
A79: MG-0078 | B79: 2023 | C79: 2023-10-04 | D79: பெரிய புளியங்குளம் தமிழ்க் கல்வெட்டும் முள்ளியான் குடிமனை அழிபாடுகளும் | E79: பரமு புஷ்பரட்ணம் | F79: Ezhuna (எழுநா) | G79: Online magazine article | H79: Tamil | I79: Inscriptions / கல்வெட்டு | J79: கல்வெட்டு | K79: Yes | L79: Auto-collected 2026-10-14 (ezhuna); review. | M79: https://www.ezhunaonline.com/an-inscription-and-a-ruined-house-in-vanni/
A80: MG-0079 | B80: 2023 | C80: 2023-10-20 | D80: கீழைக்கரைக்கான வேறு தொன்மச் சான்றுகள் II | E80: Vivekanantharaja Thulanchanan | F80: Ezhuna (எழுநா) | G80: Online magazine article | H80: Tamil | J80: Batticaloa; myths | K80: Yes | L80: Series: East coast of Sri Lanka - a historical perspective | M80: https://www.ezhunaonline.com/the-other-myths-of-batticaloa-2/
A81: MG-0080 | B81: 2023 | C81: 2023-11-22 | D81: வரலாற்றுக்கு முற்பட்ட இலங்கை | E81: Vivekanantharaja Thulanchanan | F81: Ezhuna (எழுநா) | G81: Online magazine article | H81: Tamil | J81: prehistory | K81: Yes | L81: Series: East coast of Sri Lanka - a historical perspective | M81: https://www.ezhunaonline.com/timeline-of-sri-lankan-pre-history/
A82: MG-0081 | B82: 2023 | C82: 2023-12-31 | D82: இயக்கர் அல்லது பத்தர் : இலங்கை வரலாற்றுக் காலத்தின் துவக்கம் | E82: Vivekanantharaja Thulanchanan | F82: Ezhuna (எழுநா) | G82: Online magazine article | H82: Tamil | J82: early history | K82: Yes | L82: Series: East coast of Sri Lanka - a historical perspective | M82: https://www.ezhunaonline.com/the-initial-stage-of-sri-lankan-history-period/
A83: MG-0082 | B83: 2022 | C83: 2022-05-04 | D83: இலங்கையில் அகழ்வாய்வு ஒரு அறிவியல் ஒழுக்கமா? | E83: பாக்கியநாதன் அகிலன் | F83: Ezhuna (எழுநா) | G83: Online magazine article | H83: Tamil | I83: Archaeology / தொல்லியல் | J83: அகழ்வாய்வு | K83: Yes | L83: Auto-collected 2026-10-14 (ezhuna); review. | M83: https://www.ezhunaonline.com/%e0%ae%ae%e0%ae%b0%e0%ae%aa%e0%af%81%e0%ae%b0%e0%ae%bf%e0%ae%ae%e0%af%88%e0%ae%95%e0%ae%b3%e0%af%88%e0%ae%aa%e0%af%8d-%e0%ae%aa%e0%ae%b1%e0%af%88%e0%ae%a4%e0%ae%b2%e0%af%8d-%e0%ae%87%e0%ae%b2/
A84: MG-0083 | B84: 2022 | C84: 2022-09-28 | D84: இலங்கையில் தமிழர் பற்றிய பிராமிக் கல்வெட்டுக்கள் – ஓர் அறிமுகம் | E84: N. K. S. Thiruchelvam | F84: Ezhuna (எழுநா) | G84: Online magazine article | H84: Tamil | I84: Inscriptions / கல்வெட்டு; Brahmi / பிராமி | J84: பிராமி; கல்வெட்டு; introduction | K84: Yes | L84: Series: Tamils in Brahmi & Sinhala inscriptions | M84: https://www.ezhunaonline.com/brahmic-inscriptions-on-tamils-in-ceylon-an-introduction/
A85: MG-0084 | B85: 2022 | C85: 2022-10-05 | D85: இலங்கைத் தமிழரின் பூர்வீக வரலாற்றையும், பண்பாட்டையும் அடையாளப்படுத்திக் காட்டும் கட்டுக்கரைத் தொல்லியல் அகழ்வாய்வுகள் | E85: P. Pushparatnam | F85: Ezhuna (எழுநா) | G85: Online magazine article | H85: Tamil | I85: Archaeology / தொல்லியல் | J85: தொல்லியல்; Kattukarai excavation | K85: Yes | L85: Author to verify | M85: https://www.ezhunaonline.com/history-and-culture-of-srilankan-tamils-part-3/
A86: MG-0085 | B86: 2022 | C86: 2022-10-10 | D86: தமிழர் தொடர்பாக பலரும் அறிந்திருந்த 5 பிராமிக் கல்வெட்டுக்கள் | E86: N. K. S. Thiruchelvam | F86: Ezhuna (எழுநா) | G86: Online magazine article | H86: Tamil | I86: Inscriptions / கல்வெட்டு; Brahmi / பிராமி | J86: பிராமி; கல்வெட்டு | K86: Yes | L86: Series: Tamils in Brahmi & Sinhala inscriptions | M86: https://www.ezhunaonline.com/5brahmic-in-icriptions-tamils/
A87: MG-0086 | B87: 2022 | C87: 2022-10-26 | D87: கீழைக்கரைக்கான வரலாற்றுச் சான்றுகள் : கல்வெட்டுக்களும் பொறிப்புகளும் | E87: விவேகானந்தராஜா துலாஞ்சனன் | F87: Ezhuna (எழுநா) | G87: Online magazine article | H87: Tamil | I87: Inscriptions / கல்வெட்டு | J87: கல்வெட்டு | K87: Yes | L87: Auto-collected 2026-10-14 (ezhuna); review. | M87: https://www.ezhunaonline.com/historical-evidence-of-keekhakarai/
A88: MG-0087 | B88: 2022 | C88: 2022-11-07 | D88: தமிழ் வணிகன் பற்றிக் கூறும் பெரிய புளியங்குளம் கல்வெட்டுக்கள் | E88: N. K. S. Thiruchelvam | F88: Ezhuna (எழுநா) | G88: Online magazine article | H88: Tamil | I88: Inscriptions / கல்வெட்டு | J88: கல்வெட்டு; Periya Puliyankulam | K88: Yes | L88: Series: Tamils in Brahmi & Sinhala inscriptions | M88: https://www.ezhunaonline.com/tamil-vanikan-puliankulam-inscriptions/
A89: MG-0088 | B89: 2022 | C89: 2022-11-20 | D89: தமிழர் வீரத்தை பறைசாற்றும் நடுகல் | E89: Aingaran Vigneswara | F89: Vanakkam London | G89: Online magazine article | H89: Tamil | I89: Hero stones / நடுகல் | J89: நடுகல்; hero stone; memorial | K89: Yes | L89: Covers Sangam-era hero stones to Eelam war memorials | M89: https://vanakkamlondon.com/stories/featured-story/2022/11/178155/
A90: MG-0089 | B90: 2022 | C90: 2022-11-28 | D90: தமிழ் குடும்பத் தலைவன் குட்டன் பற்றிய சேருவில கல்வெட்டு | E90: N. K. S. Thiruchelvam | F90: Ezhuna (எழுநா) | G90: Online magazine article | H90: Tamil | I90: Inscriptions / கல்வெட்டு | J90: கல்வெட்டு; Seruvila | K90: Yes | L90: Series: Tamils in Brahmi & Sinhala inscriptions | M90: https://www.ezhunaonline.com/seruvila-inscription-on-tamil-family-leader-guttan/
A91: MG-0090 | B91: 2022 | C91: 2022-12-15 | D91: வன்னிப் பெருநிலப்பரப்பில் மீண்டும் அரியதொரு தமிழ்க் கல்வெட்டு கண்டுபிடிப்பு | E91: பரமு புஷ்பரட்ணம் | F91: Ezhuna (எழுநா) | G91: Online magazine article | H91: Tamil | I91: Inscriptions / கல்வெட்டு | J91: கல்வெட்டு | K91: Yes | L91: Auto-collected 2026-10-14 (ezhuna); review. | M91: https://www.ezhunaonline.com/tamil-inscription-found-in-the-vanni/
A92: MG-0091 | B92: 2022 | C92: 2022-12-19 | D92: தீகவாபியின் குடிமகனான தமிழ் வணிகன் பற்றிய குடிவில் கல்வெட்டு | E92: N. K. S. Thiruchelvam | F92: Ezhuna (எழுநா) | G92: Online magazine article | H92: Tamil | I92: Inscriptions / கல்வெட்டு | J92: கல்வெட்டு; Kudivil; merchant | K92: Yes | L92: Series: Tamils in Brahmi & Sinhala inscriptions | M92: https://www.ezhunaonline.com/gudvil-inscription-about-a-tamil-merchant-who-was-a-resident-of-dikavapi/
A93: MG-0092 | B93: 2022 | C93: 2022-12-28 | D93: கீழைக்கரைக்கான எழுத்துச் சான்றுகள் : தமிழ் இலக்கியங்கள் | E93: Vivekanantharaja Thulanchanan | F93: Ezhuna (எழுநா) | G93: Online magazine article | H93: Tamil | J93: East coast; sources | K93: Yes | L93: Series: East coast of Sri Lanka - a historical perspective | M93: https://www.ezhunaonline.com/evidence-for-keekhakarai-tamil-literature/
A94: MG-0093 | B94: 2021 | C94: 2021-01-29 | D94: அழிந்துவரும் மரபுரிமைச் சின்னங்கள் | E94: இரத்தினவேலுப்பிள்ளை மயூரநாதன் | F94: Ezhuna (எழுநா) | G94: Online magazine article | H94: Tamil | K94: Yes | L94: Auto-collected 2026-10-14 (ezhuna); review. | M94: https://www.ezhunaonline.com/alinthu-varum-maraburimai-sinnangal/
A95: MG-0094 | B95: 2021 | C95: 2021-01-29 | D95: யாழ்ப்பாண நகருக்கு முந்திய தலைநகரங்கள் | E95: இரத்தினவேலுப்பிள்ளை மயூரநாதன் | F95: Ezhuna (எழுநா) | G95: Online magazine article | H95: Tamil | K95: Yes | L95: Auto-collected 2026-10-14 (ezhuna); review. | M95: https://www.ezhunaonline.com/yaalpana-nagarukku-mundhiya-thalainagarangal/
A96: MG-0095 | B96: 2012 | D96: The Avuranchchi Stones and Resting Stones (Sumaithankikkal) in the Cultural Life of Tamils | E96: S. Sajitharan | F96: Life Style of Jaffna, Express Newspapers (Ceylon) | G96: Book chapter | H96: Tamil | J96: stones; material culture | K96: Yes | M96: https://www.his.jfn.ac.lk/?p=791
A97: MG-0096 | B97: 2012 | D97: The Dutch Church of Chankanai: one of the most important archaeological sites in the Jaffna Peninsula | E97: S. Sajitharan | F97: Kalasurapi (Historical Society journal) | G97: Magazine article | H97: Tamil | I97: Archaeology / தொல்லியல் | J97: archaeology; heritage | K97: Yes | M97: https://www.his.jfn.ac.lk/?p=791
A98: MG-0097 | B98: 2008 | D98: Amazing Discovery of Archaeological Artifact by Dept. of Archaeology, Tamil University, Thanjavur | E98: S. Sajitharan | F98: Thedal (Archaeological Study Circle, Dept. of History, University of Jaffna) | G98: Magazine article | H98: Tamil | I98: Archaeology / தொல்லியல் | J98: தொல்லியல் | K98: Yes | M98: https://www.his.jfn.ac.lk/?p=791
A99: MG-0098 | B99: 2003 | C99: 2003-04-11 | D99: A magnum opus on Tamil-Brahmi inscriptions | E99: R. Champakalakshmi | F99: Frontline | G99: Book review | H99: English | I99: Inscriptions / கல்வெட்டு; Brahmi / பிராமி | J99: Tamil Brahmi; Mahadevan; Sinhala Brahmi | K99: Yes | M99: https://www.worldgenweb.org/lkawgw/tamil-brahmi.htm
A100: MG-0099 | D100: இலங்கைத் தமிழ்க் கல்வெட்டுகளில் பிராமணரும் பிரமதேயமும் | F100: Ezhuna (எழுநா) | G100: Online magazine article | H100: Tamil | I100: Inscriptions / கல்வெட்டு | J100: கல்வெட்டு; Brahmadeya | K100: Unknown | M100: https://www.ezhunaonline.com/article/brahmin-and-brahmatheya-in-sri-lankan-tamil-inscriptions/
A101: MG-0100 | D101: இலங்கைப் பிராமிக் கல்வெட்டுக்களில் சங்ககால வேள் | E101: N. K. S. Thiruchelvam | F101: Ezhuna (எழுநா) | G101: Online magazine article | H101: Tamil | I101: Inscriptions / கல்வெட்டு; Brahmi / பிராமி | J101: பிராமி; Sangam; Vel | K101: Unknown | M101: https://www.ezhunaonline.com/sangam-age-in-sri-lankan-brahmic-inscriptions/
A102: MG-0101 | D102: இலங்கையில் கண்ணகி வழிபாடு புகுந்த முறை | F102: Ezhuna (எழுநா) | G102: Online magazine article | H102: Tamil | J102: Kannagi worship | K102: Unknown | M102: https://www.ezhunaonline.com/how-kannagi-worship-entered-sri-lanka/
A103: MG-0102 | D103: செட்டிகுளம் : தமிழரின் பூர்வீக வரலாற்றை வெளிச்சத்திற்கு கொண்டுவரும் சில தொல்லியற் சான்றுகள் | F103: Ezhuna (எழுநா) | G103: Online magazine article | H103: Tamil | I103: Archaeology / தொல்லியல் | J103: தொல்லியல்; Cheddikulam | K103: Unknown | M103: https://www.ezhunaonline.com/the-archaeological-value-of-cheddikulam/
A104: MG-0103 | D104: நாட்டார் சமயங்களும் இந்து மதமும் | F104: Ezhuna (எழுநா) | G104: Online magazine article | H104: Tamil | I104: Hero stones / நடுகல் | J104: folk religion; நடுகல் | K104: Unknown | M104: https://www.ezhunaonline.com/folk-religion-and-hinduism/
...

Sheet Web Articles
A1: ID | B1: Year | C1: Date | D1: Title | E1: Author / Editor | F1: Publisher / Source | G1: Type | H1: Language | I1: Themes | J1: Keywords | K1: Within 1996-2026 | L1: Notes | M1: URL
A2: WB-0001 | B2: 2026 | C2: 2026-07-27 | D2: யாழ்ப்பாண இராச்சியத்தின் வரலாறு | E2: Wikipedia contributors | F2: Wikipedia (ta) | G2: Encyclopedia article | H2: Tamil | K2: Yes | L2: Date = page creation. Auto-collected 2026-10-14 (wikipedia); review. | M2: https://ta.wikipedia.org/wiki/%E0%AE%AF%E0%AE%BE%E0%AE%B4%E0%AF%8D%E0%AE%AA%E0%AF%8D%E0%AE%AA%E0%AE%BE%E0%AE%A3_%E0%AE%87%E0%AE%B0%E0%AE%BE%E0%AE%9A%E0%AF%8D%E0%AE%9A%E0%AE%BF%E0%AE%AF%E0%AE%A4%E0%AF%8D%E0%AE%A4%E0%AE%BF%E0%AE%A9%E0%AF%8D_%E0%AE%B5%E0%AE%B0%E0%AE%B2%E0%AE%BE%E0%AE%B1%E0%AF%81
A3: WB-0002 | B3: 2026 | C3: 2026-08-07 | D3: இலங்கையில் உள்ள தமிழ்க் கல்வெட்டுகள் | E3: Wikipedia contributors | F3: Wikipedia (ta) | G3: Encyclopedia article | H3: Tamil | I3: Inscriptions / கல்வெட்டு | J3: கல்வெட்டு; கல்வெட்டுகள் | K3: Yes | L3: Date = page creation. Auto-collected 2026-10-14 (wikipedia); review. | M3: https://ta.wikipedia.org/wiki/%E0%AE%87%E0%AE%B2%E0%AE%99%E0%AF%8D%E0%AE%95%E0%AF%88%E0%AE%AF%E0%AE%BF%E0%AE%B2%E0%AF%8D_%E0%AE%89%E0%AE%B3%E0%AF%8D%E0%AE%B3_%E0%AE%A4%E0%AE%AE%E0%AE%BF%E0%AE%B4%E0%AF%8D%E0%AE%95%E0%AF%8D_%E0%AE%95%E0%AE%B2%E0%AF%8D%E0%AE%B5%E0%AF%86%E0%AE%9F%E0%AF%8D%E0%AE%9F%E0%AF%81%E0%AE%95%E0%AE%B3%E0%AF%8D
A4: WB-0003 | B4: 2025 | D4: யாழ்ப்பாணம். கோட்டையை சுற்றி எல்லைக்கல் நாட்டுப் பணியில் தொல்லியல் ... | F4: uthayannews.ca | G4: Web page | H4: Tamil | I4: Archaeology / தொல்லியல் | J4: தொல்லியல் | K4: Yes | L4: Web search: யாழ்ப்பாணம் தொல்லியல். Auto-collected 2026-10-14 (ddg); review. | M4: https://uthayannews.ca/2025/12/19/%E0%AE%AF%E0%AE%BE%E0%AE%B4%E0%AF%8D%E0%AE%AA%E0%AF%8D%E0%AE%AA%E0%AE%BE%E0%AE%A3%E0%AE%AE%E0%AF%8D-%E0%AE%95%E0%AF%8B%E0%AE%9F%E0%AF%8D%E0%AE%9F%E0%AF%88%E0%AE%AF%E0%AF%88-%E0%AE%9A%E0%AF%81/
A5: WB-0004 | B5: 2021 | D5: Sankiliyatital Archaeological Site in Jaffna | E5: Nishan Weerasooriya | F5: AmazingLanka.com | G5: Web article | H5: English | I5: Archaeology / தொல்லியல் | J5: தொல்லியல்; Jaffna | K5: Yes | M5: https://amazinglanka.com/wp/sankiliyatital/
A6: WB-0005 | B6: 2021 | C6: 2021-11-13 | D6: தேவனாம்பிரியா | E6: Wikipedia contributors | F6: Wikipedia (ta) | G6: Encyclopedia article | H6: Tamil | K6: Yes | L6: Date = page creation. Auto-collected 2026-10-14 (wikipedia); review. | M6: https://ta.wikipedia.org/wiki/%E0%AE%A4%E0%AF%87%E0%AE%B5%E0%AE%A9%E0%AE%BE%E0%AE%AE%E0%AF%8D%E0%AE%AA%E0%AE%BF%E0%AE%B0%E0%AE%BF%E0%AE%AF%E0%AE%BE
A7: WB-0006 | B7: 2021 | C7: 2021-12-01 | D7: கோமரங்கடவலை கல்வெட்டு | E7: Wikipedia contributors | F7: Wikipedia (ta) | G7: Encyclopedia article | H7: Tamil | I7: Inscriptions / கல்வெட்டு | J7: கல்வெட்டு | K7: Yes | L7: Date = page creation. Auto-collected 2026-10-14 (wikipedia); review. | M7: https://ta.wikipedia.org/wiki/%E0%AE%95%E0%AF%8B%E0%AE%AE%E0%AE%B0%E0%AE%99%E0%AF%8D%E0%AE%95%E0%AE%9F%E0%AE%B5%E0%AE%B2%E0%AF%88_%E0%AE%95%E0%AE%B2%E0%AF%8D%E0%AE%B5%E0%AF%86%E0%AE%9F%E0%AF%8D%E0%AE%9F%E0%AF%81
A8: WB-0007 | B8: 2020 | C8: 2020-04 | D8: Tamil Inscriptions in Sri Lanka (list) | E8: Lanka Pradeepa | F8: Lanka Pradeepa (lankapradeepa.com) | G8: Web article | H8: English | I8: Inscriptions / கல்வெட்டு | J8: கல்வெட்டு; list; bibliography | K8: Yes | L8: Updated May 2023; 27 references | M8: https://www.lankapradeepa.com/2020/04/tamil-inscriptions-in-sri-lanka_16.html
A9: WB-0008 | B9: 2020 | C9: 2020-12-11 | D9: Pottery of Sri Lanka | E9: Wikipedia contributors | F9: Wikipedia (en) | G9: Encyclopedia article | H9: English | K9: Yes | L9: Date = page creation. Auto-collected 2026-10-14 (wikipedia); review. | M9: https://en.wikipedia.org/wiki/Pottery_of_Sri_Lanka
A10: WB-0009 | B10: 2019 | C10: 2019-01-10 | D10: Tamil inscriptions | E10: Wikipedia contributors | F10: Wikipedia (en) | G10: Encyclopedia article | H10: English | I10: Inscriptions / கல்வெட்டு | J10: inscription; inscriptions | K10: Yes | L10: Date = page creation. Auto-collected 2026-10-14 (wikipedia); review. | M10: https://en.wikipedia.org/wiki/Tamil_inscriptions
A11: WB-0010 | B11: 2019 | C11: 2019-09-08 | D11: வெடுக்குநாறிமலை ஆதி லிங்கேஸ்வரர் ஆலயம் | E11: Wikipedia contributors | F11: Wikipedia (ta) | G11: Encyclopedia article | H11: Tamil | K11: Yes | L11: Date = page creation. Auto-collected 2026-10-14 (wikipedia); review. | M11: https://ta.wikipedia.org/wiki/%E0%AE%B5%E0%AF%86%E0%AE%9F%E0%AF%81%E0%AE%95%E0%AF%8D%E0%AE%95%E0%AF%81%E0%AE%A8%E0%AE%BE%E0%AE%B1%E0%AE%BF%E0%AE%AE%E0%AE%B2%E0%AF%88_%E0%AE%86%E0%AE%A4%E0%AE%BF_%E0%AE%B2%E0%AE%BF%E0%AE%99%E0%AF%8D%E0%AE%95%E0%AF%87%E0%AE%B8%E0%AF%8D%E0%AE%B5%E0%AE%B0%E0%AE%B0%E0%AF%8D_%E0%AE%86%E0%AE%B2%E0%AE%AF%E0%AE%AE%E0%AF%8D
A12: WB-0011 | B12: 2017 | C12: 2017-01-15 | D12: Mantri Manai | E12: Wikipedia contributors | F12: Wikipedia (en) | G12: Encyclopedia article | H12: English | K12: Yes | L12: Date = page creation. Auto-collected 2026-10-14 (wikipedia); review. | M12: https://en.wikipedia.org/wiki/Mantri_Manai
A13: WB-0012 | B13: 2016 | C13: 2016-01-15 | D13: நாடு காட்டுப் பரவணிக் கல்வெட்டு | E13: Wikipedia contributors | F13: Wikipedia (ta) | G13: Encyclopedia article | H13: Tamil | I13: Inscriptions / கல்வெட்டு | J13: கல்வெட்டு | K13: Yes | L13: Date = page creation. Auto-collected 2026-10-14 (wikipedia); review. | M13: https://ta.wikipedia.org/wiki/%E0%AE%A8%E0%AE%BE%E0%AE%9F%E0%AF%81_%E0%AE%95%E0%AE%BE%E0%AE%9F%E0%AF%8D%E0%AE%9F%E0%AF%81%E0%AE%AA%E0%AF%8D_%E0%AE%AA%E0%AE%B0%E0%AE%B5%E0%AE%A3%E0%AE%BF%E0%AE%95%E0%AF%8D_%E0%AE%95%E0%AE%B2%E0%AF%8D%E0%AE%B5%E0%AF%86%E0%AE%9F%E0%AF%8D%E0%AE%9F%E0%AF%81
A14: WB-0013 | B14: 2016 | C14: 2016-02-21 | D14: Velgam Vehera | E14: Wikipedia contributors | F14: Wikipedia (en) | G14: Encyclopedia article | H14: English | K14: Yes | L14: Date = page creation. Auto-collected 2026-10-14 (wikipedia); review. | M14: https://en.wikipedia.org/wiki/Velgam_Vehera
A15: WB-0014 | B15: 2016 | C15: 2016-04-03 | D15: Kulakkottan | E15: Wikipedia contributors | F15: Wikipedia (en) | G15: Encyclopedia article | H15: English | K15: Yes | L15: Date = page creation. Auto-collected 2026-10-14 (wikipedia); review. | M15: https://en.wikipedia.org/wiki/Kulakkottan
A16: WB-0015 | B16: 2016 | C16: 2016-04-21 | D16: யாழ்ப்பாண மாவட்டத்தில் தொல்லியல் ரீதியாக பாதுகாக்கப்பட்ட நினைவுச் சின்னங்களின் பட்டியல் | E16: Wikipedia contributors | F16: Wikipedia (ta) | G16: Encyclopedia article | H16: Tamil | I16: Archaeology / தொல்லியல் | J16: தொல்லியல் | K16: Yes | L16: Date = page creation. Auto-collected 2026-10-14 (wikipedia); review. | M16: https://ta.wikipedia.org/wiki/%E0%AE%AF%E0%AE%BE%E0%AE%B4%E0%AF%8D%E0%AE%AA%E0%AF%8D%E0%AE%AA%E0%AE%BE%E0%AE%A3_%E0%AE%AE%E0%AE%BE%E0%AE%B5%E0%AE%9F%E0%AF%8D%E0%AE%9F%E0%AE%A4%E0%AF%8D%E0%AE%A4%E0%AE%BF%E0%AE%B2%E0%AF%8D_%E0%AE%A4%E0%AF%8A%E0%AE%B2%E0%AF%8D%E0%AE%B2%E0%AE%BF%E0%AE%AF%E0%AE%B2%E0%AF%8D_%E0%AE%B0%E0%AF%80%E0%AE%A4%E0%AE%BF%E0%AE%AF%E0%AE%BE%E0%AE%95_%E0%AE%AA%E0%AE%BE%E0%AE%A4%E0%AF%81%E0%AE%95%E0%AE%BE%E0%AE%95%E0%AF%8D%E0%AE%95%E0%AE%AA%E0%AF%8D%E0%AE%AA%E0%AE%9F%E0%AF%8D%E0%AE%9F_%E0%AE%A8%E0%AE%BF%E0%AE%A9%E0%AF%88%E0%AE%B5%E0%AF%81%E0%AE%9A%E0%AF%8D_%E0%AE%9A%E0%AE%BF%E0%AE%A9%E0%AF%8D%E0%AE%A9%E0%AE%99%E0%AF%8D%E0%AE%95%E0%AE%B3%E0%AE%BF%E0%AE%A9%E0%AF%8D_%E0%AE%AA%E0%AE%9F%E0%AF%8D%E0%AE%9F%E0%AE%BF%E0%AE%AF%E0%AE%B2%E0%AF%8D
A17: WB-0016 | B17: 2016 | C17: 2016-12-31 | D17: கந்தரோடை தொல்லியல் களம் | E17: Wikipedia contributors | F17: Wikipedia (ta) | G17: Encyclopedia article | H17: Tamil | I17: Archaeology / தொல்லியல் | J17: தொல்லியல் | K17: Yes | L17: Date = page creation. Auto-collected 2026-10-14 (wikipedia); review. | M17: https://ta.wikipedia.org/wiki/%E0%AE%95%E0%AE%A8%E0%AF%8D%E0%AE%A4%E0%AE%B0%E0%AF%8B%E0%AE%9F%E0%AF%88_%E0%AE%A4%E0%AF%8A%E0%AE%B2%E0%AF%8D%E0%AE%B2%E0%AE%BF%E0%AE%AF%E0%AE%B2%E0%AF%8D_%E0%AE%95%E0%AE%B3%E0%AE%AE%E0%AF%8D
A18: WB-0017 | B18: 2015 | C18: 2015-02-22 | D18: ஆ. வேலுப்பிள்ளை | E18: Wikipedia contributors | F18: Wikipedia (ta) | G18: Encyclopedia article | H18: Tamil | K18: Yes | L18: Date = page creation. Auto-collected 2026-10-14 (wikipedia); review. | M18: https://ta.wikipedia.org/wiki/%E0%AE%86._%E0%AE%B5%E0%AF%87%E0%AE%B2%E0%AF%81%E0%AE%AA%E0%AF%8D%E0%AE%AA%E0%AE%BF%E0%AE%B3%E0%AF%8D%E0%AE%B3%E0%AF%88
A19: WB-0018 | B19: 2015 | C19: 2015-07-17 | D19: வெஸ்ஸகிரிய | E19: Wikipedia contributors | F19: Wikipedia (ta) | G19: Encyclopedia article | H19: Tamil | K19: Yes | L19: Date = page creation. Auto-collected 2026-10-14 (wikipedia); review. | M19: https://ta.wikipedia.org/wiki/%E0%AE%B5%E0%AF%86%E0%AE%B8%E0%AF%8D%E0%AE%B8%E0%AE%95%E0%AE%BF%E0%AE%B0%E0%AE%BF%E0%AE%AF
A20: WB-0019 | B20: 2015 | C20: 2015-07-19 | D20: அனுராதபுரம் அருங்காட்சியகம் | E20: Wikipedia contributors | F20: Wikipedia (ta) | G20: Encyclopedia article | H20: Tamil | K20: Yes | L20: Date = page creation. Auto-collected 2026-10-14 (wikipedia); review. | M20: https://ta.wikipedia.org/wiki/%E0%AE%85%E0%AE%A9%E0%AF%81%E0%AE%B0%E0%AE%BE%E0%AE%A4%E0%AE%AA%E0%AF%81%E0%AE%B0%E0%AE%AE%E0%AF%8D_%E0%AE%85%E0%AE%B0%E0%AF%81%E0%AE%99%E0%AF%8D%E0%AE%95%E0%AE%BE%E0%AE%9F%E0%AF%8D%E0%AE%9A%E0%AE%BF%E0%AE%AF%E0%AE%95%E0%AE%AE%E0%AF%8D
A21: WB-0020 | B21: 2015 | C21: 2015-07-19 | D21: சேனரத் பரணவிதான | E21: Wikipedia contributors | F21: Wikipedia (ta) | G21: Encyclopedia article | H21: Tamil | K21: Yes | L21: Date = page creation. Auto-collected 2026-10-14 (wikipedia); review. | M21: https://ta.wikipedia.org/wiki/%E0%AE%9A%E0%AF%87%E0%AE%A9%E0%AE%B0%E0%AE%A4%E0%AF%8D_%E0%AE%AA%E0%AE%B0%E0%AE%A3%E0%AE%B5%E0%AE%BF%E0%AE%A4%E0%AE%BE%E0%AE%A9
A22: WB-0021 | B22: 2015 | C22: 2015-07-19 | D22: தொல்பொருள் காட்சிச்சாலை, வவுனியா | E22: Wikipedia contributors | F22: Wikipedia (ta) | G22: Encyclopedia article | H22: Tamil | I22: Archaeology / தொல்லியல் | J22: தொல்பொருள் | K22: Yes | L22: Date = page creation. Auto-collected 2026-10-14 (wikipedia); review. | M22: https://ta.wikipedia.org/wiki/%E0%AE%A4%E0%AF%8A%E0%AE%B2%E0%AF%8D%E0%AE%AA%E0%AF%8A%E0%AE%B0%E0%AF%81%E0%AE%B3%E0%AF%8D_%E0%AE%95%E0%AE%BE%E0%AE%9F%E0%AF%8D%E0%AE%9A%E0%AE%BF%E0%AE%9A%E0%AF%8D%E0%AE%9A%E0%AE%BE%E0%AE%B2%E0%AF%88%2C_%E0%AE%B5%E0%AE%B5%E0%AF%81%E0%AE%A9%E0%AE%BF%E0%AE%AF%E0%AE%BE
A23: WB-0022 | B23: 2015 | C23: 2015-07-23 | D23: சிரான் உபேந்திர தெரணியகல | E23: Wikipedia contributors | F23: Wikipedia (ta) | G23: Encyclopedia article | H23: Tamil | K23: Yes | L23: Date = page creation. Auto-collected 2026-10-14 (wikipedia); review. | M23: https://ta.wikipedia.org/wiki/%E0%AE%9A%E0%AE%BF%E0%AE%B0%E0%AE%BE%E0%AE%A9%E0%AF%8D_%E0%AE%89%E0%AE%AA%E0%AF%87%E0%AE%A8%E0%AF%8D%E0%AE%A4%E0%AE%BF%E0%AE%B0_%E0%AE%A4%E0%AF%86%E0%AE%B0%E0%AE%A3%E0%AE%BF%E0%AE%AF%E0%AE%95%E0%AE%B2
A24: WB-0023 | B24: 2015 | C24: 2015-07-24 | D24: தொல்பொருளியல் திணைக்களம், இலங்கை | E24: Wikipedia contributors | F24: Wikipedia (ta) | G24: Encyclopedia article | H24: Tamil | K24: Yes | L24: Date = page creation. Auto-collected 2026-10-14 (wikipedia); review. | M24: https://ta.wikipedia.org/wiki/%E0%AE%A4%E0%AF%8A%E0%AE%B2%E0%AF%8D%E0%AE%AA%E0%AF%8A%E0%AE%B0%E0%AF%81%E0%AE%B3%E0%AE%BF%E0%AE%AF%E0%AE%B2%E0%AF%8D_%E0%AE%A4%E0%AE%BF%E0%AE%A3%E0%AF%88%E0%AE%95%E0%AF%8D%E0%AE%95%E0%AE%B3%E0%AE%AE%E0%AF%8D%2C_%E0%AE%87%E0%AE%B2%E0%AE%99%E0%AF%8D%E0%AE%95%E0%AF%88
A25: WB-0024 | B25: 2015 | C25: 2015-10-07 | D25: அபயகிரித் தமிழ்க் கல்வெட்டு | E25: Wikipedia contributors | F25: Wikipedia (ta) | G25: Encyclopedia article | H25: Tamil | I25: Inscriptions / கல்வெட்டு | J25: கல்வெட்டு | K25: Yes | L25: Date = page creation. Auto-collected 2026-10-14 (wikipedia); review. | M25: https://ta.wikipedia.org/wiki/%E0%AE%85%E0%AE%AA%E0%AE%AF%E0%AE%95%E0%AE%BF%E0%AE%B0%E0%AE%BF%E0%AE%A4%E0%AF%8D_%E0%AE%A4%E0%AE%AE%E0%AE%BF%E0%AE%B4%E0%AF%8D%E0%AE%95%E0%AF%8D_%E0%AE%95%E0%AE%B2%E0%AF%8D%E0%AE%B5%E0%AF%86%E0%AE%9F%E0%AF%8D%E0%AE%9F%E0%AF%81
A26: WB-0025 | B26: 2015 | C26: 2015-10-07 | D26: இலங்கைத் தமிழ்க் கல்வெட்டுக்களின் பட்டியல் | E26: Wikipedia contributors | F26: Wikipedia (ta) | G26: Encyclopedia article | H26: Tamil | I26: Inscriptions / கல்வெட்டு | J26: கல்வெட்டு | K26: Yes | L26: Date = page creation. Auto-collected 2026-10-14 (wikipedia); review. | M26: https://ta.wikipedia.org/wiki/%E0%AE%87%E0%AE%B2%E0%AE%99%E0%AF%8D%E0%AE%95%E0%AF%88%E0%AE%A4%E0%AF%8D_%E0%AE%A4%E0%AE%AE%E0%AE%BF%E0%AE%B4%E0%AF%8D%E0%AE%95%E0%AF%8D_%E0%AE%95%E0%AE%B2%E0%AF%8D%E0%AE%B5%E0%AF%86%E0%AE%9F%E0%AF%8D%E0%AE%9F%E0%AF%81%E0%AE%95%E0%AF%8D%E0%AE%95%E0%AE%B3%E0%AE%BF%E0%AE%A9%E0%AF%8D_%E0%AE%AA%E0%AE%9F%E0%AF%8D%E0%AE%9F%E0%AE%BF%E0%AE%AF%E0%AE%B2%E0%AF%8D
A27: WB-0026 | B27: 2015 | C27: 2015-10-09 | D27: அனுராதபுரம் குமாரகணத்துப் பேரூரார் கல்வெட்டுக்கள் | E27: Wikipedia contributors | F27: Wikipedia (ta) | G27: Encyclopedia article | H27: Tamil | I27: Inscriptions / கல்வெட்டு | J27: கல்வெட்டு; கல்வெட்டுக்கள் | K27: Yes | L27: Date = page creation. Auto-collected 2026-10-14 (wikipedia); review. | M27: https://ta.wikipedia.org/wiki/%E0%AE%85%E0%AE%A9%E0%AF%81%E0%AE%B0%E0%AE%BE%E0%AE%A4%E0%AE%AA%E0%AF%81%E0%AE%B0%E0%AE%AE%E0%AF%8D_%E0%AE%95%E0%AF%81%E0%AE%AE%E0%AE%BE%E0%AE%B0%E0%AE%95%E0%AE%A3%E0%AE%A4%E0%AF%8D%E0%AE%A4%E0%AF%81%E0%AE%AA%E0%AF%8D_%E0%AE%AA%E0%AF%87%E0%AE%B0%E0%AF%82%E0%AE%B0%E0%AE%BE%E0%AE%B0%E0%AF%8D_%E0%AE%95%E0%AE%B2%E0%AF%8D%E0%AE%B5%E0%AF%86%E0%AE%9F%E0%AF%8D%E0%AE%9F%E0%AF%81%E0%AE%95%E0%AF%8D%E0%AE%95%E0%AE%B3%E0%AF%8D
A28: WB-0027 | B28: 2015 | C28: 2015-10-10 | D28: தாழிகுமாரன் கல்வெட்டு (மாதோட்டம்) | E28: Wikipedia contributors | F28: Wikipedia (ta) | G28: Encyclopedia article | H28: Tamil | I28: Inscriptions / கல்வெட்டு | J28: கல்வெட்டு | K28: Yes | L28: Date = page creation. Auto-collected 2026-10-14 (wikipedia); review. | M28: https://ta.wikipedia.org/wiki/%E0%AE%A4%E0%AE%BE%E0%AE%B4%E0%AE%BF%E0%AE%95%E0%AF%81%E0%AE%AE%E0%AE%BE%E0%AE%B0%E0%AE%A9%E0%AF%8D_%E0%AE%95%E0%AE%B2%E0%AF%8D%E0%AE%B5%E0%AF%86%E0%AE%9F%E0%AF%8D%E0%AE%9F%E0%AF%81_%28%E0%AE%AE%E0%AE%BE%E0%AE%A4%E0%AF%8B%E0%AE%9F%E0%AF%8D%E0%AE%9F%E0%AE%AE%E0%AF%8D%29
A29: WB-0028 | B29: 2015 | C29: 2015-10-10 | D29: பளமோட்டைக் கல்வெட்டு | E29: Wikipedia contributors | F29: Wikipedia (ta) | G29: Encyclopedia article | H29: Tamil | I29: Inscriptions / கல்வெட்டு | J29: கல்வெட்டு | K29: Yes | L29: Date = page creation. Auto-collected 2026-10-14 (wikipedia); review. | M29: https://ta.wikipedia.org/wiki/%E0%AE%AA%E0%AE%B3%E0%AE%AE%E0%AF%8B%E0%AE%9F%E0%AF%8D%E0%AE%9F%E0%AF%88%E0%AE%95%E0%AF%8D_%E0%AE%95%E0%AE%B2%E0%AF%8D%E0%AE%B5%E0%AF%86%E0%AE%9F%E0%AF%8D%E0%AE%9F%E0%AF%81
A30: WB-0029 | B30: 2015 | C30: 2015-10-11 | D30: மானாங்கேணிக் கல்வெட்டு | E30: Wikipedia contributors | F30: Wikipedia (ta) | G30: Encyclopedia article | H30: Tamil | I30: Inscriptions / கல்வெட்டு | J30: கல்வெட்டு | K30: Yes | L30: Date = page creation. Auto-collected 2026-10-14 (wikipedia); review. | M30: https://ta.wikipedia.org/wiki/%E0%AE%AE%E0%AE%BE%E0%AE%A9%E0%AE%BE%E0%AE%99%E0%AF%8D%E0%AE%95%E0%AF%87%E0%AE%A3%E0%AE%BF%E0%AE%95%E0%AF%8D_%E0%AE%95%E0%AE%B2%E0%AF%8D%E0%AE%B5%E0%AF%86%E0%AE%9F%E0%AF%8D%E0%AE%9F%E0%AF%81
A31: WB-0030 | B31: 2015 | C31: 2015-10-13 | D31: நிலாவெளிக் கல்வெட்டு | E31: Wikipedia contributors | F31: Wikipedia (ta) | G31: Encyclopedia article | H31: Tamil | I31: Inscriptions / கல்வெட்டு | J31: கல்வெட்டு | K31: Yes | L31: Date = page creation. Auto-collected 2026-10-14 (wikipedia); review. | M31: https://ta.wikipedia.org/wiki/%E0%AE%A8%E0%AE%BF%E0%AE%B2%E0%AE%BE%E0%AE%B5%E0%AF%86%E0%AE%B3%E0%AE%BF%E0%AE%95%E0%AF%8D_%E0%AE%95%E0%AE%B2%E0%AF%8D%E0%AE%B5%E0%AF%86%E0%AE%9F%E0%AF%8D%E0%AE%9F%E0%AF%81
A32: WB-0031 | B32: 2015 | C32: 2015-10-14 | D32: அதரகுளிய கல்வெட்டு | E32: Wikipedia contributors | F32: Wikipedia (ta) | G32: Encyclopedia article | H32: Tamil | I32: Inscriptions / கல்வெட்டு | J32: கல்வெட்டு | K32: Yes | L32: Date = page creation. Auto-collected 2026-10-14 (wikipedia); review. | M32: https://ta.wikipedia.org/wiki/%E0%AE%85%E0%AE%A4%E0%AE%B0%E0%AE%95%E0%AF%81%E0%AE%B3%E0%AE%BF%E0%AE%AF_%E0%AE%95%E0%AE%B2%E0%AF%8D%E0%AE%B5%E0%AF%86%E0%AE%9F%E0%AF%8D%E0%AE%9F%E0%AF%81
A33: WB-0032 | B33: 2015 | C33: 2015-10-14 | D33: ஆதகட கல்வெட்டு | E33: Wikipedia contributors | F33: Wikipedia (ta) | G33: Encyclopedia article | H33: Tamil | I33: Inscriptions / கல்வெட்டு | J33: கல்வெட்டு | K33: Yes | L33: Date = page creation. Auto-collected 2026-10-14 (wikipedia); review. | M33: https://ta.wikipedia.org/wiki/%E0%AE%86%E0%AE%A4%E0%AE%95%E0%AE%9F_%E0%AE%95%E0%AE%B2%E0%AF%8D%E0%AE%B5%E0%AF%86%E0%AE%9F%E0%AF%8D%E0%AE%9F%E0%AF%81
A34: WB-0033 | B34: 2015 | C34: 2015-10-15 | D34: சிறுகுளத்தூர் உடையான் கல்வெட்டு | E34: Wikipedia contributors | F34: Wikipedia (ta) | G34: Encyclopedia article | H34: Tamil | I34: Inscriptions / கல்வெட்டு | J34: கல்வெட்டு | K34: Yes | L34: Date = page creation. Auto-collected 2026-10-14 (wikipedia); review. | M34: https://ta.wikipedia.org/wiki/%E0%AE%9A%E0%AE%BF%E0%AE%B1%E0%AF%81%E0%AE%95%E0%AF%81%E0%AE%B3%E0%AE%A4%E0%AF%8D%E0%AE%A4%E0%AF%82%E0%AE%B0%E0%AF%8D_%E0%AE%89%E0%AE%9F%E0%AF%88%E0%AE%AF%E0%AE%BE%E0%AE%A9%E0%AF%8D_%E0%AE%95%E0%AE%B2%E0%AF%8D%E0%AE%B5%E0%AF%86%E0%AE%9F%E0%AF%8D%E0%AE%9F%E0%AF%81
A35: WB-0034 | B35: 2015 | C35: 2015-10-15 | D35: பொலநறுவை வேளைக்காரர் கல்வெட்டு | E35: Wikipedia contributors | F35: Wikipedia (ta) | G35: Encyclopedia article | H35: Tamil | I35: Inscriptions / கல்வெட்டு | J35: கல்வெட்டு | K35: Yes | L35: Date = page creation. Auto-collected 2026-10-14 (wikipedia); review. | M35: https://ta.wikipedia.org/wiki/%E0%AE%AA%E0%AF%8A%E0%AE%B2%E0%AE%A8%E0%AE%B1%E0%AF%81%E0%AE%B5%E0%AF%88_%E0%AE%B5%E0%AF%87%E0%AE%B3%E0%AF%88%E0%AE%95%E0%AF%8D%E0%AE%95%E0%AE%BE%E0%AE%B0%E0%AE%B0%E0%AF%8D_%E0%AE%95%E0%AE%B2%E0%AF%8D%E0%AE%B5%E0%AF%86%E0%AE%9F%E0%AF%8D%E0%AE%9F%E0%AF%81
A36: WB-0035 | B36: 2015 | C36: 2015-10-15 | D36: மயிலன் குளம் வேளைக்காரர் கல்வெட்டு | E36: Wikipedia contributors | F36: Wikipedia (ta) | G36: Encyclopedia article | H36: Tamil | I36: Inscriptions / கல்வெட்டு | J36: கல்வெட்டு | K36: Yes | L36: Date = page creation. Auto-collected 2026-10-14 (wikipedia); review. | M36: https://ta.wikipedia.org/wiki/%E0%AE%AE%E0%AE%AF%E0%AE%BF%E0%AE%B2%E0%AE%A9%E0%AF%8D_%E0%AE%95%E0%AF%81%E0%AE%B3%E0%AE%AE%E0%AF%8D_%E0%AE%B5%E0%AF%87%E0%AE%B3%E0%AF%88%E0%AE%95%E0%AF%8D%E0%AE%95%E0%AE%BE%E0%AE%B0%E0%AE%B0%E0%AF%8D_%E0%AE%95%E0%AE%B2%E0%AF%8D%E0%AE%B5%E0%AF%86%E0%AE%9F%E0%AF%8D%E0%AE%9F%E0%AF%81
... A38: WB-0037 | B38: 2014 | C38: 2014-01-12 | D38: Megalithic graffiti symbols | E38: Wikipedia contributors | F38: Wikipedia (en) | G38: Encyclopedia article | H38: English | I38: Brahmi / பிராமி; Archaeology / தொல்லியல் | J38: megalithic | K38: Yes | L38: Date = page creation. Auto-collected 2026-10-14 (wikipedia); review. | M38: https://en.wikipedia.org/wiki/Megalithic_graffiti_symbols
A39: WB-0038 | B39: 2014 | C39: 2014-03-01 | D39: யாழ்ப்பாண இராச்சியம் (சிற்றம்பலம்) | E39: Wikipedia contributors | F39: Wikipedia (ta) | G39: Encyclopedia article | H39: Tamil | K39: Yes | L39: Date = page creation. Auto-collected 2026-10-14 (wikipedia); review. | M39: https://ta.wikipedia.org/wiki/%E0%AE%AF%E0%AE%BE%E0%AE%B4%E0%AF%8D%E0%AE%AA%E0%AF%8D%E0%AE%AA%E0%AE%BE%E0%AE%A3_%E0%AE%87%E0%AE%B0%E0%AE%BE%E0%AE%9A%E0%AF%8D%E0%AE%9A%E0%AE%BF%E0%AE%AF%E0%AE%AE%E0%AF%8D_%28%E0%AE%9A%E0%AE%BF%E0%AE%B1%E0%AF%8D%E0%AE%B1%E0%AE%AE%E0%AF%8D%E0%AE%AA%E0%AE%B2%E0%AE%AE%E0%AF%8D%29
A40: WB-0039 | B40: 2014 | C40: 2014-08-27 | D40: காலி மும்மொழிக் கல்வெட்டு | E40: Wikipedia contributors | F40: Wikipedia (ta) | G40: Encyclopedia article | H40: Tamil | I40: Inscriptions / கல்வெட்டு | J40: கல்வெட்டு | K40: Yes | L40: Date = page creation. Auto-collected 2026-10-14 (wikipedia); review. | M40: https://ta.wikipedia.org/wiki/%E0%AE%95%E0%AE%BE%E0%AE%B2%E0%AE%BF_%E0%AE%AE%E0%AF%81%E0%AE%AE%E0%AF%8D%E0%AE%AE%E0%AF%8A%E0%AE%B4%E0%AE%BF%E0%AE%95%E0%AF%8D_%E0%AE%95%E0%AE%B2%E0%AF%8D%E0%AE%B5%E0%AF%86%E0%AE%9F%E0%AF%8D%E0%AE%9F%E0%AF%81
A41: WB-0040 | B41: 2014 | C41: 2014-10-08 | D41: யாழ்ப்பாணத்துச் சாசனங்கள் | E41: Wikipedia contributors | F41: Wikipedia (ta) | G41: Encyclopedia article | H41: Tamil | I41: Inscriptions / கல்வெட்டு | K41: Yes | L41: Date = page creation. Auto-collected 2026-10-14 (wikipedia); review. | M41: https://ta.wikipedia.org/wiki/%E0%AE%AF%E0%AE%BE%E0%AE%B4%E0%AF%8D%E0%AE%AA%E0%AF%8D%E0%AE%AA%E0%AE%BE%E0%AE%A3%E0%AE%A4%E0%AF%8D%E0%AE%A4%E0%AF%81%E0%AE%9A%E0%AF%8D_%E0%AE%9A%E0%AE%BE%E0%AE%9A%E0%AE%A9%E0%AE%99%E0%AF%8D%E0%AE%95%E0%AE%B3%E0%AF%8D
A42: WB-0041 | B42: 2014 | C42: 2014-10-10 | D42: இலங்கையில் சங்ககால நாணயங்கள் | E42: Wikipedia contributors | F42: Wikipedia (ta) | G42: Encyclopedia article | H42: Tamil | I42: Coins / நாணயம் | K42: Yes | L42: Date = page creation. Auto-collected 2026-10-14 (wikipedia); review. | M42: https://ta.wikipedia.org/wiki/%E0%AE%87%E0%AE%B2%E0%AE%99%E0%AF%8D%E0%AE%95%E0%AF%88%E0%AE%AF%E0%AE%BF%E0%AE%B2%E0%AF%8D_%E0%AE%9A%E0%AE%99%E0%AF%8D%E0%AE%95%E0%AE%95%E0%AE%BE%E0%AE%B2_%E0%AE%A8%E0%AE%BE%E0%AE%A3%E0%AE%AF%E0%AE%99%E0%AF%8D%E0%AE%95%E0%AE%B3%E0%AF%8D
A43: WB-0042 | B43: 2014 | C43: 2014-10-10 | D43: நயினாதீவுக் கல்வெட்டு | E43: Wikipedia contributors | F43: Wikipedia (ta) | G43: Encyclopedia article | H43: Tamil | I43: Inscriptions / கல்வெட்டு | J43: கல்வெட்டு | K43: Yes | L43: Date = page creation. Auto-collected 2026-10-14 (wikipedia); review. | M43: https://ta.wikipedia.org/wiki/%E0%AE%A8%E0%AE%AF%E0%AE%BF%E0%AE%A9%E0%AE%BE%E0%AE%A4%E0%AF%80%E0%AE%B5%E0%AF%81%E0%AE%95%E0%AF%8D_%E0%AE%95%E0%AE%B2%E0%AF%8D%E0%AE%B5%E0%AF%86%E0%AE%9F%E0%AF%8D%E0%AE%9F%E0%AF%81
A44: WB-0043 | B44: 2014 | C44: 2014-10-11 | D44: யாழ்ப்பாணம் பிரதான வீதிக் கல்வெட்டு | E44: Wikipedia contributors | F44: Wikipedia (ta) | G44: Encyclopedia article | H44: Tamil | I44: Inscriptions / கல்வெட்டு | J44: கல்வெட்டு | K44: Yes | L44: Date = page creation. Auto-collected 2026-10-14 (wikipedia); review. | M44: https://ta.wikipedia.org/wiki/%E0%AE%AF%E0%AE%BE%E0%AE%B4%E0%AF%8D%E0%AE%AA%E0%AF%8D%E0%AE%AA%E0%AE%BE%E0%AE%A3%E0%AE%AE%E0%AF%8D_%E0%AE%AA%E0%AE%BF%E0%AE%B0%E0%AE%A4%E0%AE%BE%E0%AE%A9_%E0%AE%B5%E0%AF%80%E0%AE%A4%E0%AE%BF%E0%AE%95%E0%AF%8D_%E0%AE%95%E0%AE%B2%E0%AF%8D%E0%AE%B5%E0%AF%86%E0%AE%9F%E0%AF%8D%E0%AE%9F%E0%AF%81
A45: WB-0044 | B45: 2014 | C45: 2014-10-25 | D45: கருணாகரப் பிள்ளையார் கோயிற் கல்வெட்டு | E45: Wikipedia contributors | F45: Wikipedia (ta) | G45: Encyclopedia article | H45: Tamil | I45: Inscriptions / கல்வெட்டு | J45: கல்வெட்டு | K45: Yes | L45: Date = page creation. Auto-collected 2026-10-14 (wikipedia); review. | M45: https://ta.wikipedia.org/wiki/%E0%AE%95%E0%AE%B0%E0%AF%81%E0%AE%A3%E0%AE%BE%E0%AE%95%E0%AE%B0%E0%AE%AA%E0%AF%8D_%E0%AE%AA%E0%AE%BF%E0%AE%B3%E0%AF%8D%E0%AE%B3%E0%AF%88%E0%AE%AF%E0%AE%BE%E0%AE%B0%E0%AF%8D_%E0%AE%95%E0%AF%8B%E0%AE%AF%E0%AE%BF%E0%AE%B1%E0%AF%8D_%E0%AE%95%E0%AE%B2%E0%AF%8D%E0%AE%B5%E0%AF%86%E0%AE%9F%E0%AF%8D%E0%AE%9F%E0%AF%81
A46: WB-0045 | B46: 2014 | C46: 2014-12-10 | D46: இரத்தினபுரி தேசிய நூதனசாலை | E46: Wikipedia contributors | F46: Wikipedia (ta) | G46: Encyclopedia article | H46: Tamil | K46: Yes | L46: Date = page creation. Auto-collected 2026-10-14 (wikipedia); review. | M46: https://ta.wikipedia.org/wiki/%E0%AE%87%E0%AE%B0%E0%AE%A4%E0%AF%8D%E0%AE%A4%E0%AE%BF%E0%AE%A9%E0%AE%AA%E0%AF%81%E0%AE%B0%E0%AE%BF_%E0%AE%A4%E0%AF%87%E0%AE%9A%E0%AE%BF%E0%AE%AF_%E0%AE%A8%E0%AF%82%E0%AE%A4%E0%AE%A9%E0%AE%9A%E0%AE%BE%E0%AE%B2%E0%AF%88
A47: WB-0046 | B47: 2013 | C47: 2013-02-02 | D47: சீனர் - தமிழர் தொடர்புகள் | E47: Wikipedia contributors | F47: Wikipedia (ta) | G47: Encyclopedia article | H47: Tamil | K47: Yes | L47: Date = page creation. Auto-collected 2026-10-14 (wikipedia); review. | M47: https://ta.wikipedia.org/wiki/%E0%AE%9A%E0%AF%80%E0%AE%A9%E0%AE%B0%E0%AF%8D_-_%E0%AE%A4%E0%AE%AE%E0%AE%BF%E0%AE%B4%E0%AE%B0%E0%AF%8D_%E0%AE%A4%E0%AF%8A%E0%AE%9F%E0%AE%B0%E0%AF%8D%E0%AE%AA%E0%AF%81%E0%AE%95%E0%AE%B3%E0%AF%8D
A48: WB-0047 | B48: 2013 | C48: 2013-05-10 | D48: வேளிர் (ஈழம்) | E48: Wikipedia contributors | F48: Wikipedia (ta) | G48: Encyclopedia article | H48: Tamil | K48: Yes | L48: Date = page creation. Auto-collected 2026-10-14 (wikipedia); review. | M48: https://ta.wikipedia.org/wiki/%E0%AE%B5%E0%AF%87%E0%AE%B3%E0%AE%BF%E0%AE%B0%E0%AF%8D_%28%E0%AE%88%E0%AE%B4%E0%AE%AE%E0%AF%8D%29
A49: WB-0048 | B49: 2013 | C49: 2013-08-21 | D49: Archaeological Museum, Jaffna | E49: Wikipedia contributors | F49: Wikipedia (en) | G49: Encyclopedia article | H49: English | I49: Archaeology / தொல்லியல் | J49: archaeological | K49: Yes | L49: Date = page creation. Auto-collected 2026-10-14 (wikipedia); review. | M49: https://en.wikipedia.org/wiki/Archaeological_Museum%2C_Jaffna
A50: WB-0049 | B50: 2012 | C50: 2012-01-17 | D50: History of the Jaffna kingdom | E50: Wikipedia contributors | F50: Wikipedia (en) | G50: Encyclopedia article | H50: English | K50: Yes | L50: Date = page creation. Auto-collected 2026-10-14 (wikipedia); review. | M50: https://en.wikipedia.org/wiki/History_of_the_Jaffna_kingdom
A51: WB-0050 | B51: 2012 | C51: 2012-06-27 | D51: Prehistoric skeleton found in Sri Lanka | F51: SEAArch (Southeast Asian Archaeology) | G51: Web article | H51: English | I51: Archaeology / தொல்லியல் | J51: prehistory; archaeology | K51: Yes | M51: https://southeastasianarchaeology.com/2012/06/27/prehistoric-skeleton-found-in-sri-lanka
A52: WB-0051 | B52: 2012 | C52: 2012-07-22 | D52: Anaikoddai seal | E52: Wikipedia contributors | F52: Wikipedia (en) | G52: Encyclopedia article | H52: English | I52: Inscriptions / கல்வெட்டு | K52: Yes | L52: Date = page creation. Auto-collected 2026-10-14 (wikipedia); review. | M52: https://en.wikipedia.org/wiki/Anaikoddai_seal
A53: WB-0052 | B53: 2011 | C53: 2011-02-03 | D53: இலங்கைத் தமிழர் வரலாறு - தமிழ் நூல் பட்டியல் | E53: Wikipedia contributors | F53: Wikipedia (ta) | G53: Encyclopedia article | H53: Tamil | K53: Yes | L53: Date = page creation. Auto-collected 2026-10-14 (wikipedia); review. | M53: https://ta.wikipedia.org/wiki/%E0%AE%87%E0%AE%B2%E0%AE%99%E0%AF%8D%E0%AE%95%E0%AF%88%E0%AE%A4%E0%AF%8D_%E0%AE%A4%E0%AE%AE%E0%AE%BF%E0%AE%B4%E0%AE%B0%E0%AF%8D_%E0%AE%B5%E0%AE%B0%E0%AE%B2%E0%AE%BE%E0%AE%B1%E0%AF%81_-_%E0%AE%A4%E0%AE%AE%E0%AE%BF%E0%AE%B4%E0%AF%8D_%E0%AE%A8%E0%AF%82%E0%AE%B2%E0%AF%8D_%E0%AE%AA%E0%AE%9F%E0%AF%8D%E0%AE%9F%E0%AE%BF%E0%AE%AF%E0%AE%B2%E0%AF%8D
A54: WB-0053 | B54: 2011 | C54: 2011-09-01 | D54: மட்டக்களப்பு மான்மியம் | E54: Wikipedia contributors | F54: Wikipedia (ta) | G54: Encyclopedia article | H54: Tamil | K54: Yes | L54: Date = page creation. Auto-collected 2026-10-14 (wikipedia); review. | M54: https://ta.wikipedia.org/wiki/%E0%AE%AE%E0%AE%9F%E0%AF%8D%E0%AE%9F%E0%AE%95%E0%AF%8D%E0%AE%95%E0%AE%B3%E0%AE%AA%E0%AF%8D%E0%AE%AA%E0%AF%81_%E0%AE%AE%E0%AE%BE%E0%AE%A9%E0%AF%8D%E0%AE%AE%E0%AE%BF%E0%AE%AF%E0%AE%AE%E0%AF%8D
A55: WB-0054 | B55: 2010 | C55: 2010-08-06 | D55: நாயன்மார்கட்டுக் கல்வெட்டு | E55: Wikipedia contributors | F55: Wikipedia (ta) | G55: Encyclopedia article | H55: Tamil | I55: Inscriptions / கல்வெட்டு | J55: கல்வெட்டு | K55: Yes | L55: Date = page creation. Auto-collected 2026-10-14 (wikipedia); review. | M55: https://ta.wikipedia.org/wiki/%E0%AE%A8%E0%AE%BE%E0%AE%AF%E0%AE%A9%E0%AF%8D%E0%AE%AE%E0%AE%BE%E0%AE%B0%E0%AF%8D%E0%AE%95%E0%AE%9F%E0%AF%8D%E0%AE%9F%E0%AF%81%E0%AE%95%E0%AF%8D_%E0%AE%95%E0%AE%B2%E0%AF%8D%E0%AE%B5%E0%AF%86%E0%AE%9F%E0%AF%8D%E0%AE%9F%E0%AF%81
A56: WB-0055 | B56: 2010 | C56: 2010-11-01 | D56: Tissamaharama inscription No. 53 | E56: Wikipedia contributors | F56: Wikipedia (en) | G56: Encyclopedia article | H56: English | I56: Inscriptions / கல்வெட்டு | J56: inscription | K56: Yes | L56: Date = page creation. Auto-collected 2026-10-14 (wikipedia); review. | M56: https://en.wikipedia.org/wiki/Tissamaharama_inscription_No._53
A57: WB-0056 | B57: 2008 | C57: 2008-08-09 | D57: Prehistory of Sri Lanka | E57: Wikipedia contributors | F57: Wikipedia (en) | G57: Encyclopedia article | H57: English | K57: Yes | L57: Date = page creation. Auto-collected 2026-10-14 (wikipedia); review. | M57: https://en.wikipedia.org/wiki/Prehistory_of_Sri_Lanka
A58: WB-0057 | B58: 2008 | C58: 2008-10-12 | D58: கா. இந்திரபாலா | E58: Wikipedia contributors | F58: Wikipedia (ta) | G58: Encyclopedia article | H58: Tamil | K58: Yes | L58: Date = page creation. Auto-collected 2026-10-14 (wikipedia); review. | M58: https://ta.wikipedia.org/wiki/%E0%AE%95%E0%AE%BE._%E0%AE%87%E0%AE%A8%E0%AF%8D%E0%AE%A4%E0%AE%BF%E0%AE%B0%E0%AE%AA%E0%AE%BE%E0%AE%B2%E0%AE%BE
A59: WB-0058 | B59: 2008 | C59: 2008-12-27 | D59: Kandarodai | E59: Wikipedia contributors | F59: Wikipedia (en) | G59: Encyclopedia article | H59: English | K59: Yes | L59: Date = page creation. Auto-collected 2026-10-14 (wikipedia); review. | M59: https://en.wikipedia.org/wiki/Kandarodai
A60: WB-0059 | B60: 2007 | C60: 2007-12-07 | D60: தமிழி | E60: Wikipedia contributors | F60: Wikipedia (ta) | G60: Encyclopedia article | H60: Tamil | K60: Yes | L60: Date = page creation. Auto-collected 2026-10-14 (wikipedia); review. | M60: https://ta.wikipedia.org/wiki/%E0%AE%A4%E0%AE%AE%E0%AE%BF%E0%AE%B4%E0%AE%BF
A61: WB-0060 | B61: 2007 | C61: 2007-12-26 | D61: Naga people (Lanka) | E61: Wikipedia contributors | F61: Wikipedia (en) | G61: Encyclopedia article | H61: English | K61: Yes | L61: Date = page creation. Auto-collected 2026-10-14 (wikipedia); review. | M61: https://en.wikipedia.org/wiki/Naga_people_%28Lanka%29
A62: WB-0061 | B62: 2006 | C62: 2006-04-29 | D62: பொ. பூலோகசிங்கம் | E62: Wikipedia contributors | F62: Wikipedia (ta) | G62: Encyclopedia article | H62: Tamil | K62: Yes | L62: Date = page creation. Auto-collected 2026-10-14 (wikipedia); review. | M62: https://ta.wikipedia.org/wiki/%E0%AE%AA%E0%AF%8A._%E0%AE%AA%E0%AF%82%E0%AE%B2%E0%AF%8B%E0%AE%95%E0%AE%9A%E0%AE%BF%E0%AE%99%E0%AF%8D%E0%AE%95%E0%AE%AE%E0%AF%8D
A63: WB-0062 | B63: 2006 | C63: 2006-08-30 | D63: Velanai | E63: Wikipedia contributors | F63: Wikipedia (en) | G63: Encyclopedia article | H63: English | K63: Yes | L63: Date = page creation. Auto-collected 2026-10-14 (wikipedia); review. | M63: https://en.wikipedia.org/wiki/Velanai
A64: WB-0063 | B64: 2006 | C64: 2006-10-24 | D64: நாடுகள் அடிப்படையில் தொல்லியல் களங்களின் பட்டியல் | E64: Wikipedia contributors | F64: Wikipedia (ta) | G64: Encyclopedia article | H64: Tamil | I64: Archaeology / தொல்லியல் | J64: தொல்லியல் | K64: Yes | L64: Date = page creation. Auto-collected 2026-10-14 (wikipedia); review. | M64: https://ta.wikipedia.org/wiki/%E0%AE%A8%E0%AE%BE%E0%AE%9F%E0%AF%81%E0%AE%95%E0%AE%B3%E0%AF%8D_%E0%AE%85%E0%AE%9F%E0%AE%BF%E0%AE%AA%E0%AF%8D%E0%AE%AA%E0%AE%9F%E0%AF%88%E0%AE%AF%E0%AE%BF%E0%AE%B2%E0%AF%8D_%E0%AE%A4%E0%AF%8A%E0%AE%B2%E0%AF%8D%E0%AE%B2%E0%AE%BF%E0%AE%AF%E0%AE%B2%E0%AF%8D_%E0%AE%95%E0%AE%B3%E0%AE%99%E0%AF%8D%E0%AE%95%E0%AE%B3%E0%AE%BF%E0%AE%A9%E0%AF%8D_%E0%AE%AA%E0%AE%9F%E0%AF%8D%E0%AE%9F%E0%AE%BF%E0%AE%AF%E0%AE%B2%E0%AF%8D
A65: WB-0064 | B65: 2006 | C65: 2006-11-07 | D65: Tamil-Brahmi | E65: Wikipedia contributors | F65: Wikipedia (en) | G65: Encyclopedia article | H65: English | I65: Brahmi / பிராமி | J65: brahmi | K65: Yes | L65: Date = page creation. Auto-collected 2026-10-14 (wikipedia); review. | M65: https://en.wikipedia.org/wiki/Tamil-Brahmi
A66: WB-0065 | D66: Ancient Buddhist Shrines in Batticaloa and Ampara Districts | F66: AmazingLanka.com | G66: Web article | H66: English | I66: Archaeology / தொல்லியல் | J66: archaeology; East | K66: Unknown | M66: https://amazinglanka.com/wp/buddhist-shrines-in-batticaloa-and-ampara/
A67: WB-0066 | D67: Buddhism amongst Tamils in Sri Lanka | E67: Wikipedia contributors | F67: Wikipedia (en) | G67: Encyclopedia article | H67: English | K67: Unknown | L67: Date = page creation. Auto-collected 2026-10-14 (wikipedia); review. | M67: https://en.wikipedia.org/wiki/Buddhism_amongst_Tamils_in_Sri_Lanka
A68: WB-0067 | D68: Buddhist Remains in the Jaffna Peninsula | F68: AmazingLanka.com | G68: Web article | H68: English | I68: Archaeology / தொல்லியல் | J68: தொல்லியல்; Jaffna | K68: Unknown | M68: https://amazinglanka.com/wp/jaffna/
A69: WB-0068 | D69: Buddhist Ruins at Tikali in Pungudutivu Island in Jaffna | F69: AmazingLanka.com | G69: Web article | H69: English | I69: Archaeology / தொல்லியல் | J69: தொல்லியல்; Pungudutivu | K69: Unknown | M69: https://amazinglanka.com/wp/tikali/
A70: WB-0069 | D70: Cankilian Thoppu | E70: Wikipedia contributors | F70: Wikipedia (en) | G70: Encyclopedia article | H70: English | K70: Unknown | L70: Date = page creation. Auto-collected 2026-10-14 (wikipedia); review. | M70: https://en.wikipedia.org/wiki/Cankilian_Thoppu
A71: WB-0070 | D71: List of Archaeological Protected Monuments in Jaffna District | E71: Wikipedia contributors | F71: Wikipedia (en) | G71: Encyclopedia article | H71: English | I71: Archaeology / தொல்லியல் | J71: archaeological | K71: Unknown | L71: Date = page creation. Auto-collected 2026-10-14 (wikipedia); review. | M71: https://en.wikipedia.org/wiki/List_of_Archaeological_Protected_Monuments_in_Jaffna_District
A72: WB-0071 | D72: Manniththalai Sand Bar Ancient Settlement and Archaeological Sites | F72: AmazingLanka.com | G72: Web article | H72: English | I72: Archaeology / தொல்லியல் | J72: தொல்லியல்; settlement | K72: Unknown | M72: https://amazinglanka.com/wp/manniththalai-settlements/
A73: WB-0072 | D73: Sources of ancient Tamil history | E73: Wikipedia contributors | F73: Wikipedia (en) | G73: Encyclopedia article | H73: English | K73: Unknown | L73: Date = page creation. Auto-collected 2026-10-14 (wikipedia); review. | M73: https://en.wikipedia.org/wiki/Sources_of_ancient_Tamil_history
A74: WB-0073 | D74: Vallipuram | E74: Wikipedia contributors | F74: Wikipedia (en) | G74: Encyclopedia article | H74: English | K74: Unknown | L74: Date = page creation. Auto-collected 2026-10-14 (wikipedia); review. | M74: https://en.wikipedia.org/wiki/Vallipuram
A75: WB-0074 | D75: Vanni Bandara Stone Memorial in Oddusuddan: A Legacy of Resistance | F75: AmazingLanka.com | G75: Web article | H75: English | I75: Hero stones / நடுகல் | J75: memorial stone; Vanni | K75: Unknown | M75: https://amazinglanka.com/wp/vanni-bandara-en/
A76: WB-0075 | D76: அனுராதபுரம் நான்கு நாட்டார் கல்வெட்டு | E76: Wikipedia contributors | F76: Wikipedia (ta) | G76: Encyclopedia article | H76: Tamil | I76: Inscriptions / கல்வெட்டு | J76: கல்வெட்டு | K76: Unknown | L76: Date = page creation. Auto-collected 2026-10-14 (wikipedia); review. | M76: https://ta.wikipedia.org/wiki/%E0%AE%85%E0%AE%A9%E0%AF%81%E0%AE%B0%E0%AE%BE%E0%AE%A4%E0%AE%AA%E0%AF%81%E0%AE%B0%E0%AE%AE%E0%AF%8D_%E0%AE%A8%E0%AE%BE%E0%AE%A9%E0%AF%8D%E0%AE%95%E0%AF%81_%E0%AE%A8%E0%AE%BE%E0%AE%9F%E0%AF%8D%E0%AE%9F%E0%AE%BE%E0%AE%B0%E0%AF%8D_%E0%AE%95%E0%AE%B2%E0%AF%8D%E0%AE%B5%E0%AF%86%E0%AE%9F%E0%AF%8D%E0%AE%9F%E0%AF%81
A77: WB-0076 | D77: கோப்பாய் சங்கிலியன் கோட்டை | E77: Wikipedia contributors | F77: Wikipedia (ta) | G77: Encyclopedia article | H77: Tamil | K77: Unknown | L77: Date = page creation. Auto-collected 2026-10-14 (wikipedia); review. | M77: https://ta.wikipedia.org/wiki/%E0%AE%95%E0%AF%8B%E0%AE%AA%E0%AF%8D%E0%AE%AA%E0%AE%BE%E0%AE%AF%E0%AF%8D_%E0%AE%9A%E0%AE%99%E0%AF%8D%E0%AE%95%E0%AE%BF%E0%AE%B2%E0%AE%BF%E0%AE%AF%E0%AE%A9%E0%AF%8D_%E0%AE%95%E0%AF%8B%E0%AE%9F%E0%AF%8D%E0%AE%9F%E0%AF%88
A78: WB-0077 | D78: தமிழ்க் கல்வெட்டுகள் | E78: Wikipedia contributors | F78: Wikipedia (ta) | G78: Encyclopedia article | H78: Tamil | I78: Inscriptions / கல்வெட்டு | J78: கல்வெட்டு; கல்வெட்டுகள் | K78: Unknown | L78: Date = page creation. Auto-collected 2026-10-14 (wikipedia); review. | M78: https://ta.wikipedia.org/wiki/%E0%AE%A4%E0%AE%AE%E0%AE%BF%E0%AE%B4%E0%AF%8D%E0%AE%95%E0%AF%8D_%E0%AE%95%E0%AE%B2%E0%AF%8D%E0%AE%B5%E0%AF%86%E0%AE%9F%E0%AF%8D%E0%AE%9F%E0%AF%81%E0%AE%95%E0%AE%B3%E0%AF%8D
A79: WB-0078 | D79: தம்பிலுவில் கல்வெட்டு | E79: Wikipedia contributors | F79: Wikipedia (ta) | G79: Encyclopedia article | H79: Tamil | I79: Inscriptions / கல்வெட்டு | J79: கல்வெட்டு | K79: Unknown | L79: Date = page creation. Auto-collected 2026-10-14 (wikipedia); review. | M79: https://ta.wikipedia.org/wiki/%E0%AE%A4%E0%AE%AE%E0%AF%8D%E0%AE%AA%E0%AE%BF%E0%AE%B2%E0%AF%81%E0%AE%B5%E0%AE%BF%E0%AE%B2%E0%AF%8D_%E0%AE%95%E0%AE%B2%E0%AF%8D%E0%AE%B5%E0%AF%86%E0%AE%9F%E0%AF%8D%E0%AE%9F%E0%AF%81
A80: WB-0079 | D80: யாழ்ப்பாண இராச்சியம் - Tamil Heritage | F80: telibrary.com | G80: Web page | H80: Tamil | I80: Archaeology / தொல்லியல் | K80: Unknown | L80: Web search: யாழ்ப்பாணம் தொல்லியல். Auto-collected 2026-10-14 (ddg); review. | M80: https://telibrary.com/category/history/%E0%AE%AF%E0%AE%BE%E0%AE%B4%E0%AF%8D%E0%AE%AA%E0%AF%8D%E0%AE%AA%E0%AE%BE%E0%AE%A3-%E0%AE%87%E0%AE%B0%E0%AE%BE%E0%AE%9A%E0%AF%8D%E0%AE%9A%E0%AE%BF%E0%AE%AF%E0%AE%AE%E0%AF%8D/
A81: WB-0080 | D81: யாழ்ப்பாண வரலாறு - யாழ்ப்பாணப் பெட்டகம் | F81: treasurehouseofjaffna.com | G81: Web page | H81: Tamil | K81: Unknown | L81: Web search: யாழ்ப்பாணம் தொல்லியல். Auto-collected 2026-10-14 (ddg); review. | M81: https://treasurehouseofjaffna.com/%E0%AE%AF%E0%AE%BE%E0%AE%B4%E0%AF%8D%E0%AE%AA%E0%AF%8D%E0%AE%AA%E0%AE%BE%E0%AE%A3-%E0%AE%B5%E0%AE%B0%E0%AE%B2%E0%AE%BE%E0%AE%B1%E0%AF%81/
A82: WB-0081 | D82: யாழ்ப்பாணம் ஆனைக்கோட்டை தொல்லியல் கண்காட்சி ஆரம்பம்! | F82: shritharan.com | G82: Web page | H82: Tamil | I82: Archaeology / தொல்லியல் | J82: தொல்லியல் | K82: Unknown | L82: Web search: யாழ்ப்பாணம் தொல்லியல். Auto-collected 2026-10-14 (ddg); review. | M82: https://shritharan.com/parliamentary-work/%E0%AE%AF%E0%AE%BE%E0%AE%B4%E0%AF%8D%E0%AE%AA%E0%AF%8D%E0%AE%AA%E0%AE%BE%E0%AE%A3%E0%AE%AE%E0%AF%8D-%E0%AE%86%E0%AE%A9%E0%AF%88%E0%AE%95%E0%AF%8D%E0%AE%95%E0%AF%8B%E0%AE%9F%E0%AF%8D%E0%AE%9F%E0%AF%88/

Sheet All Records
A1: ID | B1: Category | C1: Year | D1: Date | E1: Title | F1: Author / Editor | G1: Publisher / Source | H1: Type | I1: Language | J1: Themes | K1: Keywords | L1: Within 1996-2026 | M1: Notes | N1: URL
A2: ALL-0001 | B2: Books | C2: 2026 | D2: 2026-02-15 | E2: Religion, Gender, and Politics in Medieval Sri Lanka: The Reconstruction of Buddhist Kingship, ca. 1070–1215 | F2: Bruno M. Shirley | H2: Book | I2: English | L2: Yes | M2: OpenAlex query: Tamil Brahmi Sri Lanka. Auto-collected 2026-10-14 (openalex); review. | N2: https://doi.org/10.17302/kshl2567
A3: ALL-0002 | B3: Books | C3: 2026 | D3: 2026-04-11 | E3: Glimpses of an Ancient Civilisation: Society and Culture in Jaffna (300 BC to AD 500) | F3: S. Pathmanathan | H3: Book | I3: English | J3: Brahmi / பிராமி; Archaeology / தொல்லியல்; Coins / நாணயம் | K3: Tamil-Brahmi; Vallipuram gold plate; Roman coins; archaeology | L3: Yes | M3: Launched 11 Apr 2026 | N3: https://www.tamilguardian.com/content/prof-pathmanathans-new-book-sheds-light-early-jaffna-civilisation
A4: ALL-0003 | B4: Books | C4: 2025 | E4: இலங்கையின் பிராமி மற்றும் சிங்களக் கல்வெட்டுகளில் தமிழர் (Tamils in the Brahmi and Sinhala Inscriptions of Sri Lanka) | F4: N. K. S. Thiruchelvam | G4: Ezhuna | H4: Book | I4: Tamil | J4: Inscriptions / கல்வெட்டு; Brahmi / பிராமி | K4: Brahmi; கல்வெட்டு; Tamils | L4: Yes | M4: Book launch 26 Jul 2025, Trincomalee | N4: https://www.ezhunaonline.com/books/tamils-in-the-inscriptions-of-brahmi-and-sinhala/
A5: ALL-0004 | B5: Books | C5: 2022 | E5: Ancient Sri Lanka: Glimpses of the Past | F5: K. Indrapala | G5: Ohm Books Publishing | H5: Book | I5: English | J5: Archaeology / தொல்லியல் | K5: archaeology; history | L5: Yes | N5: https://en.wikipedia.org/wiki/K._Indrapala
A6: ALL-0005 | B6: Books | C6: 2017 | E6: இலங்கைத் தமிழர்: ஒரு சுருக்க வரலாறு (Sri Lankan Tamils: A Brief History) | F6: P. Pushparatnam | G6: Tamil Education Service, Switzerland | H6: Book | I6: Tamil | J6: Archaeology / தொல்லியல் | K6: history; archaeology | L6: Yes | M6: Noolaham No. 75615; 248 pp. | N6: https://noolaham.org/wiki/index.php/இலங்கைத்_தமிழர்:_ஒரு_சுருக்க_வரலாறு
A7: ALL-0006 | B7: Books | C7: 2017 | E7: ஈழத் தமிழர் மரபுரிமை அடையாளங்கள் (Heritage Symbols of Eelam Tamils) | F7: P. Pushparatnam | G7: Tamil Education Service, Switzerland | H7: Book | I7: Tamil | J7: Archaeology / தொல்லியல் | K7: heritage; தொல்லியல் | L7: Yes | M7: Noolaham No. 75614; 240 pp. | N7: https://noolaham.org/wiki/index.php/ஈழத்_தமிழர்_மரபுரிமை_அடையாளங்கள்
A8: ALL-0007 | B8: Books | C8: 2017 | D8: 2017-06-06 | E8: Sri Lanka at the Crossroads of History | F8: Coningham, R.A.E., Manuel, M.J., Davis, C.E., Gunawardhana, P. | G8: Noolaham digital library | H8: Book | I8: English | J8: Archaeology / தொல்லியல் | K8: history; archaeology | L8: Yes | M8: Details to verify | N8: https://noolaham.net/project/810/80954/80954.pdf
A9: ALL-0008 | B9: Books | C9: 2014 | E9: Collection of Historical Articles of Prof. V. Sivasamy | F9: K. Arunthavarajah (ed.) | G9: Anchu Publication, Nallur | H9: Edited volume | I9: Tamil | J9: Inscriptions / கல்வெட்டு | K9: history; epigraphy | L9: Yes | N9: https://www.his.jfn.ac.lk/index.php/profkarunthavarajah/
A10: ALL-0009 | B10: Books | C10: 2014 | D10: 2014-02-17 | E10: இலங்கையில் தமிழர்: ஓர் இனக்குழு ஆக்கம் பெற்ற வரலாறு | F10: K. Indrapala (Tamil edition) | G10: Wikipedia (ta) | H10: Book | I10: Tamil | J10: Inscriptions / கல்வெட்டு; Brahmi / பிராமி | K10: Brahmi; inscriptions; ethnic history | L10: Yes | M10: Tamil version of Evolution of an Ethnic Identity; details to verify (Noolaham rate-limited) | N10: https://noolaham.org/wiki/index.php/இலங்கையில்_தமிழர்:_ஓர்_இனக்குழு_ஆக்கம்_பெற்ற_வரலாறு
A11: ALL-0010 | B11: Books | C11: 2013 | E11: நல்லூர் இராஜதானியும் யாழ்ப்பாணக் கோட்டையும் - மீள்வாசிப்பு | F11: P. Pushparatnam | G11: Colombo Tamil Sangam | H11: Book | I11: Tamil | J11: Archaeology / தொல்லியல் | K11: தொல்லியல்; Nallur; Jaffna Fort | L11: Yes | M11: Noolaham No. 97925; 48 pp. | N11: https://noolaham.org/wiki/index.php/நல்லூர்_இராஜதானியும்_யாழ்ப்பாணக்_கோட்டையும்_-_மீள்வாசிப்பு
A12: ALL-0011 | B12: Books | C12: 2012 | E12: Life Style of Jaffna | F12: K. Arunthavarajah (managing ed.) | G12: Department of History, University of Jaffna, with Veerakesari | H12: Edited volume | I12: English | J12: Archaeology / தொல்லியல் | K12: material culture; heritage | L12: Yes | N12: https://www.his.jfn.ac.lk/index.php/profkarunthavarajah/
A13: ALL-0012 | B13: Books | C13: 2010 | E13: Spolia Zeylanica Vol. 47: Tamil Inscriptions in the Colombo National Museum | F13: Department of National Museums | G13: Department of National Museums, Colombo | H13: Book | I13: English | J13: Inscriptions / கல்வெட்டு | K13: Tamil inscriptions; museum catalogue | L13: Yes | M13: ISBN 9789555780278 | N13: https://opac.busl.ac.lk/bib/14671
A14: ALL-0013 | B14: Books | C14: 2008 | E14: Rock and Wall Paintings of Sri Lanka (facsimile edition) | F14: Senaka Bandaranayake | G14: Stamford Lake | H14: Book | I14: English | J14: Rock art / பாறை ஓவியம் | K14: பாறை ஓவியம்; rock art; wall paintings | L14: Yes | M14: Publisher to verify | N14: https://www.sundaytimes.lk/080504/Plus/plus000025.html
A15: ALL-0014 | B15: Books | C15: 2006 | E15: Ilankait Tamilc Cacanankal c. AD 800-1300 (Tamil Inscriptions of Sri Lanka) | F15: S. Pathmanathan | G15: Department of Hindu Religious and Cultural Affairs | H15: Book | I15: Tamil | J15: Inscriptions / கல்வெட்டு | K15: கல்வெட்டு; inscriptions corpus | L15: Yes | M15: Same as entry from Wikipedia; fuller title | N15: https://jfn.ac.lk/prof-s-pathmanathan/
A16: ALL-0015 | B16: Books | C16: 2006 | E16: இலங்கைத் தமிழ்ச் சாசனங்கள் (Tamil Inscriptions in Sri Lanka) | F16: S. Pathmanathan | G16: Department of Hindu Religious & Cultural Affairs, Colombo | H16: Book | I16: Tamil | J16: Inscriptions / கல்வெட்டு | K16: inscriptions; கல்வெட்டு | L16: Yes | N16: https://en.wikipedia.org/wiki/S._Pathmanathan
A17: ALL-0016 | B17: Books | C17: 2005 | E17: Hindu Encyclopaedia (Tamil), Parts I-IX (1992-2008) | F17: S. Pathmanathan (ed.-in-chief) | G17: Department of Hindu Religious and Cultural Affairs | H17: Encyclopaedia | I17: Tamil | K17: encyclopaedia; temples | L17: Yes | M17: Parts: III 1996, IV 1998, V 2001, VI 2003, VII 2005, VIII 2006, IX 2008 | N17: https://jfn.ac.lk/prof-s-pathmanathan/
A18: ALL-0017 | B18: Books | C18: 2005 | E18: The Evolution of an Ethnic Identity: The Tamils of Sri Lanka c. 300 BCE to c. 1200 CE | F18: K. Indrapala | G18: MV Publications (Sydney); reissued Vijitha Yapa 2007, Ohm Books 2015 | H18: Book | I18: English | J18: Inscriptions / கல்வெட்டு; Brahmi / பிராமி | K18: Tamil Brahmi; inscriptions; ethnic history | L18: Yes | N18: https://en.wikipedia.org/wiki/K._Indrapala
A19: ALL-0018 | B19: Books | C19: 2004 | E19: A Study of the Language of the Tamil Inscriptions of the 7th and 8th Centuries A.D. | F19: K. Kanapathypillai | G19: Kumaran Book House, Colombo-Chennai | H19: Book | I19: English | J19: Inscriptions / கல்வெட்டு | K19: Tamil inscriptions; epigraphy | L19: Yes | M19: 1st edition 2004 (reprint) | N19: https://unioncatalogue.dlp.gov.lk/Record/batt.35119/Similar
A20: ALL-0019 | B20: Books | C20: 2004 | E20: Ilankaiyil Intu Camayam (Hinduism in Sri Lanka) | F20: S. Pathmanathan | G20: Kumaran Book House, Colombo-Chennai | H20: Book | I20: Tamil | K20: Hinduism; history | L20: Yes | N20: https://jfn.ac.lk/prof-s-pathmanathan/
A21: ALL-0020 | B21: Books | C21: 2004 | E21: Tamil Literature and Historical Traditions in Sri Lanka | F21: S. Pathmanathan | G21: Kumaran Press | H21: Book | I21: Tamil | K21: history | L21: Yes | N21: https://en.wikipedia.org/wiki/S._Pathmanathan
A22: ALL-0021 | B22: Books | C22: 2004 | E22: தமிழ் எழுத்தின் தோற்றம் (Origin of the Tamil Script) | F22: P. Pushparatnam | G22: District Secretariat, Jaffna | H22: Book | I22: Tamil | J22: Inscriptions / கல்வெட்டு; Brahmi / பிராமி | K22: பிராமி; script; epigraphy | L22: Yes | M22: Noolaham No. 4788; 126 pp. | N22: https://noolaham.org/wiki/index.php/தமிழ்_எழுத்தின்_தோற்றம்
A23: ALL-0022 | B23: Books | C23: 2003 | E23: Early Tamil Epigraphy: From the Earliest Times to the Sixth Century A.D. | F23: Iravatham Mahadevan | G23: Cre-A, Chennai & Harvard University | H23: Book | I23: English | J23: Inscriptions / கல்வெட்டு; Brahmi / பிராமி | K23: Tamil Brahmi; epigraphy; Sri Lanka parallels | L23: Yes | M23: Discusses Sri Lankan Brahmi | N23: https://vedamsbooks.com/books/early_tamil_epigraphy_from_the_earliest_times_to_the_sixth_century_c_e_volume_1_tamil_brahmi_inscriptions
A24: ALL-0023 | B24: Books | C24: 2003 | E24: Glimpses of Hindu Heritage | F24: S. Pathmanathan (joint ed.) | G24: Ministry of Hindu Religious Affairs | H24: Edited volume | I24: English | J24: Archaeology / தொல்லியல் | K24: heritage; bronzes | L24: Yes | N24: https://jfn.ac.lk/prof-s-pathmanathan/
A25: ALL-0024 | B25: Books | C25: 2003 | D25: 2014-02-21 | E25: தொல்லியல் நோக்கில் இலங்கைத் தமிழர் பண்பாடு (Sri Lankan Tamil Culture from an Archaeological Perspective) | F25: P. Pushparatnam | G25: Bhavani Pathippagam | H25: Book | I25: Tamil | J25: Archaeology / தொல்லியல் | K25: தொல்லியல்; culture | L25: Yes | M25: Noolaham No. 4461; 240 pp. | N25: https://noolaham.org/wiki/index.php/தொல்லியல்_நோக்கில்_இலங்கைத்_தமிழர்_பண்பாடு
A26: ALL-0025 | B26: Books | C26: 2002 | E26: Ancient Coins of Sri Lankan Tamil Rulers | F26: P. Pushparatnam | G26: Bavani Patippakam, Jaffna | H26: Book | I26: English | J26: Brahmi / பிராமி; Archaeology / தொல்லியல்; Coins / நாணயம் | K26: coins; Tamil Brahmi; archaeology | L26: Yes | M26: 192 pp. | N26: https://mannar.dlp.gov.lk/bib/9820
A27: ALL-0026 | B27: Books | C27: 2002 | E27: Naka Dynasty as Gleaned from the Archaeological Evidences in Sri Lanka | F27: P. Pushparatnam | H27: Book | I27: English | J27: Inscriptions / கல்வெட்டு; Archaeology / தொல்லியல்; Coins / நாணயம் | K27: Naga; தொல்லியல்; coins; inscriptions | L27: Yes | M27: Noolaham No. 126188; 44 pp. | N27: https://noolaham.org/wiki/index.php/Naka_Dynasty_as_Gleaned_from_the_Archaeological_Evidences_in_Sri_Lanka
A28: ALL-0027 | B28: Books | C28: 2002 | E28: தொல்லியல் நோக்கில் ஈழத்தமிழரின் பண்டையகால மதமும் கலையும் (Ancient Religion and Art of Eelam Tamils: An Archaeological Perspective) | F28: P. Pushparatnam | G28: Kumaran Book House | H28: Book | I28: Tamil | J28: Archaeology / தொல்லியல் | K28: தொல்லியல்; religion; art | L28: Yes | M28: Noolaham No. 4500; 177 pp. | N28: https://noolaham.org/wiki/index.php/தொல்லியல்_நோக்கில்_ஈழத்தமிழரின்_பண்டையகால_மதமும்_கலையும்
A29: ALL-0028 | B29: Books | C29: 2001 | E29: Hindu Culture in Sri Lanka, Vol. 1: Temple Art & Architecture (ed.) | F29: S. Pathmanathan (ed.) | G29: Department of Hindu Religious & Cultural Affairs | H29: Book | I29: Tamil | J29: Archaeology / தொல்லியல் | K29: temple architecture; archaeology | L29: Yes | N29: https://en.wikipedia.org/wiki/S._Pathmanathan
A30: ALL-0029 | B30: Books | C30: 2001 | E30: இலங்கைத் தமிழரின் பண்டைய கால நாணயங்கள் (Ancient Coins of Sri Lankan Tamils) | F30: P. Pushparatnam | G30: Bhavani Pathippagam | H30: Book | I30: Tamil | J30: Brahmi / பிராமி; Coins / நாணயம் | K30: நாணயம்; coins; Tamil Brahmi | L30: Yes | M30: Noolaham No. 4470; 219 pp. | N30: https://noolaham.org/wiki/index.php/இலங்கைத்_தமிழரின்_பண்டைய_கால_நாணயங்கள்
A31: ALL-0030 | B31: Books | C31: 2001 | E31: பண்டைய இலங்கையில் தமிழும் தமிழரும் (Tamil and Tamils in Ancient Sri Lanka) | F31: P. Pushparatnam | G31: Colombo Tamil Sangam | H31: Book | I31: Tamil | J31: Inscriptions / கல்வெட்டு; Brahmi / பிராமி; Archaeology / தொல்லியல் | K31: பிராமி; கல்வெட்டு; தொல்லியல் | L31: Yes | M31: Noolaham No. 430; xiii+120 pp. | N31: https://noolaham.org/wiki/index.php/பண்டைய_இலங்கையில்_தமிழும்_தமிழரும்
A32: ALL-0031 | B32: Books | C32: 2000 | E32: History and Archaeology of Sri Lanka, Vol. I: Reflections on a Heritage | F32: R.A.L.H. Gunawardana, S. Pathmanathan, M. Rohanadheera (eds.) | G32: Central Cultural Fund, Colombo | H32: Edited volume | I32: English | J32: Archaeology / தொல்லியல் | K32: archaeology; history | L32: Yes | N32: https://jfn.ac.lk/prof-s-pathmanathan/
A33: ALL-0032 | B33: Books | C33: 2000 | E33: Temples of Siva in Sri Lanka | F33: S. Pathmanathan (chief ed.) | G33: Chinmaya Mission of Sri Lanka | H33: Edited volume | I33: English | J33: Inscriptions / கல்வெட்டு | K33: temples; inscriptions | L33: Yes | M33: Page gives 1999/2000 | N33: https://jfn.ac.lk/prof-s-pathmanathan/
A34: ALL-0033 | B34: Books | C34: 1999 | E34: Ancient Sri Lankan coins / trade at Tissamaharama (Bopearachchi & Wickremesinhe) | F34: O. Bopearachchi, R. Wickremesinhe | G34: (Ruhuna: an ancient civilisation revisited) | H34: Book | I34: English | J34: Coins / நாணயம் | K34: coins; Tissamaharama; trade | L34: Yes | M34: Title to verify; reviewed Apr 2000 | N34: https://www.sundaytimes.lk/000423/plus3.html
A35: ALL-0034 | B35: Books | C35: 1999 | E35: Studies in Sri Lankan Tamil Linguistics and Culture | F35: K. Balasubramaniyam, K. Ratnamalar, R. Subathini (eds.) | G35: Sri Lanka Offset Service, Chennai | H35: Book | I35: English | K35: culture; linguistics | L35: Yes | M35: 454 pp. | N35: https://unioncatalogue.dlp.gov.lk/Record/poin.4050/Description
A36: ALL-0035 | B36: Books | C36: 1994 | E36: Epigraphia Zeylanica Vol. 3 (reprint) | F36: H. W. Codrington, S. Paranavitana | G36: Asian Educational Services | H36: Book | I36: English | J36: Inscriptions / கல்வெட்டு | K36: inscriptions; epigraphy | L36: No (earlier reference) | M36: Noolaham No. 4227; reprint (outside 30-year window, kept as reference) | N36: https://noolaham.org/wiki/index.php/Epigraphia_Zeylanica_3
A37: ALL-0036 | B37: Books | C37: 1993 | E37: கோணேசர் கல்வெட்டு (Koneswara Inscription) | F37: I. Vadivel | G37: Department of Hindu Religious and Cultural Affairs | H37: Book | I37: Tamil | J37: Inscriptions / கல்வெட்டு | K37: கல்வெட்டு; Koneswaram; Trincomalee | L37: No (earlier reference) | M37: Noolaham No. 4824; 136 pp. | N37: https://noolaham.org/wiki/index.php/%E0%AE%95%E0%AF%8B%E0%AE%A3%E0%AF%87%E0%AE%9A%E0%AE%B0%E0%AF%8D_%E0%AE%95%E0%AE%B2%E0%AF%8D%E0%AE%B5%E0%AF%86%E0%AE%9F%E0%AF%8D%E0%AE%9F%E0%AF%81
A38: ALL-0037 | B38: Books | C38: 1993 | E38: பூநகரி தொல்பொருளாய்வு (Poonakary Archaeological Survey) | F38: P. Pushparatnam | G38: University of Jaffna | H38: Book | I38: Tamil | J38: Brahmi / பிராமி; Archaeology / தொல்லியல் | K38: தொல்லியல்; Poonakari; Tamil Brahmi; potsherds | L38: No (earlier reference) | M38: Noolaham No. 67260; 238 pp. | N38: https://noolaham.org/wiki/index.php/%E0%AE%AA%E0%AF%82%E0%AE%A8%E0%AE%95%E0%AE%B0%E0%AE%BF_%E0%AE%A4%E0%AF%8A%E0%AE%B2%E0%AF%8D%E0%AE%AA%E0%AF%8A%E0%AE%B0%E0%AF%81%E0%AE%B3%E0%AE%BE%E0%AE%AF%E0%AF%8D%E0%AE%B5%E0%AF%81
A39: ALL-0038 | B39: Books | C39: 1993 | E39: வட இலங்கையில் சிங்கைநகர் | F39: P. Pushparatnam | G39: Fr. G. A. Francis Joseph Manivila Committee | H39: Book | I39: Tamil | J39: Archaeology / தொல்லியல் | K39: Singai Nagar; archaeology | L39: No (earlier reference) | M39: Noolaham No. 38966; 56 pp. | N39: https://noolaham.org/wiki/index.php/வட_இலங்கையில்_சிங்கைநகர்
A40: ALL-0039 | B40: Books | C40: 1992 | E40: தமிழர் வரலாறும் இலங்கை இடப்பெயர் ஆய்வும் | F40: Kathir Thanikasalam | G40: Saravana Pathippagam | H40: Book | I40: Tamil | K40: place names; history | L40: No (earlier reference) | M40: Noolaham No. 4510; 267 pp. | N40: https://noolaham.org/wiki/index.php/தமிழர்_வரலாறும்_இலங்கை_இடப்பெயர்_ஆய்வும்
A41: ALL-0040 | B41: Books | C41: 1987 | E41: Early Settlements in Jaffna: An Archaeological Survey | F41: P. Ragupathy | G41: Thillimalar Ragupathy, Madras | H41: Book | I41: English | J41: Archaeology / தொல்லியல் | K41: தொல்லியல்; Jaffna; settlements | L41: No (earlier reference) | M41: Pre-1996 reference | N41: https://noolaham.net/project/18/1733/1733.html
A42: ALL-0041 | B42: Books | C42: 1971 | E42: Ceylon Tamil Inscriptions, Parts I-II (1971-1972) | F42: A. Veluppillai | G42: Author, Peradeniya | H42: Book | I42: English | J42: Inscriptions / கல்வெட்டு | K42: கல்வெட்டு; corpus | L42: No (earlier reference) | M42: Pre-1996 reference | N42: https://find.library.upenn.edu/catalog/997779313503681
A43: ALL-0042 | B43: Books | C43: 1971 | E43: Epigraphia Tamilica, Vol. I, Part I | F43: K. Indrapala (ed.) | G43: Jaffna Archaeological Society | H43: Book | I43: English | J43: Inscriptions / கல்வெட்டு | K43: கல்வெட்டு; corpus | L43: No (earlier reference) | M43: Pre-1996 reference | N43: https://www.lankapradeepa.com/2020/04/tamil-inscriptions-in-sri-lanka_16.html
A44: ALL-0043 | B44: Books | E44: Culture and Heritage of the Tamils | G44: Noolaham digital library | H44: Book | I44: English | J44: Archaeology / தொல்லியல் | K44: heritage | L44: Unknown | M44: Details to verify | N44: https://noolaham.net/project/977/97628/97628.pdf
A45: ALL-0044 | B45: Books | E45: Nallur Rajadhani: City Layout | F45: V. N. Giritharan | G45: Noolaham digital library | H45: Book | I45: English | J45: Archaeology / தொல்லியல் | K45: Nallur; Jaffna kingdom; archaeology | L45: Unknown | M45: Year to verify | N45: https://noolaham.net/project/1316/131542/131542.pdf
A46: ALL-0045 | B46: Books | E46: Tamil Place Names as Gleaned from the Brahmi Inscriptions of Sri Lanka | F46: P. Pushparatnam | H46: Book | I46: English | J46: Inscriptions / கல்வெட்டு; Brahmi / பிராமி | K46: பிராமி; place names; inscriptions | L46: Unknown | M46: Noolaham No. 4137; 64 pp.; year unknown (to verify) | N46: https://noolaham.org/wiki/index.php/Tamil_Place_Names_as_Gleaned_from_the_Brahmi_Inscriptions_of_Sri_Lanka
A47: ALL-0046 | B47: Books | E47: The Untold Story of Ancient Tamils in Sri Lanka | G47: University of Vavuniya library catalogue | H47: Book | I47: English | J47: Archaeology / தொல்லியல் | K47: ancient Tamils; archaeology | L47: Unknown | M47: Author/year to verify (K. Arunthavarajah?) | N47: http://lib.vau.jfn.ac.lk/cgi-bin/koha/opac-detail.pl?biblionumber=44042&shelfbrowse_itemnumber=55269
A48: ALL-0047 | B48: Books | E48: இலங்கைத் தமிழரும் நாகநாட்டு அரச மரமும் | F48: P. Pushparatnam | H48: Book | I48: Tamil | J48: Archaeology / தொல்லியல் | K48: Naga; archaeology | L48: Unknown | M48: Details to verify (Noolaham rate-limited) | N48: https://noolaham.org/wiki/index.php/பகுப்பு:புஷ்பரட்ணம்,_பரமு
A49: ALL-0048 | B49: Research Papers | C49: 2026 | E49: Hindu Idols Revealing the Cultural Connections between Northern Sri Lanka and South India | F49: S. Aniththa, Ushanthy Arunpirasanth | G49: First International Conference in Saiva Siddhanta, University of Jaffna | H49: Conference paper | I49: English | J49: Archaeology / தொல்லியல் | K49: sculpture; archaeology | L49: Yes | N49: https://www.his.jfn.ac.lk/index.php/__trashed/
A50: ALL-0049 | B50: Research Papers | C50: 2026 | D50: 2026-01-01 | E50: Human Skeleton of Kithulgala Beli-lena rockshelter in Sri Lanka | F50: Pahiyangala Sumangala, Nimal Perera | G50: Social Science and Humanities Journal | H50: Article | I50: English | L50: Yes | M50: OpenAlex query: rock art Sri Lanka. Auto-collected 2026-10-14 (openalex); review. | N50: https://doi.org/10.18535/sshj.v10i08.2489
A51: ALL-0050 | B51: Research Papers | C51: 2026 | D51: 2026-01-01 | E51: Tamil Words in Early Prakrit Inscriptions in Sri Lanka | F51: Karan Damodaram Pillai | G51: SSRN Electronic Journal | H51: Preprint | I51: English | J51: Inscriptions / கல்வெட்டு | K51: inscription; inscriptions | L51: Yes | M51: OpenAlex query: Tamil inscription Sri Lanka. Auto-collected 2026-10-14 (openalex); review. | N51: https://doi.org/10.2139/ssrn.6422478
A52: ALL-0051 | B52: Research Papers | C52: 2026 | D52: 2026-02-01 | E52: Reinterpreting encounters: comparative study of William of Rubruck's travelogue and Sri Lankan inscriptions in medieval road contexts | F52: Madhavi Madhushani Kahapala Arachchi | H52: Dissertation | I52: English | J52: Inscriptions / கல்வெட்டு | K52: inscription; inscriptions | L52: Yes | M52: OpenAlex query: Tamil inscription Sri Lanka. Auto-collected 2026-10-14 (openalex); review. | N52: https://doi.org/10.48336/247
A53: ALL-0052 | B53: Research Papers | C53: 2026 | D53: 2026-04-01 | E53: Coastal foragers beyond the mainland: Seafaring and early island settlement on Velanai, Jaffna, Sri Lanka, ca. 3460 cal BP | F53: Thilanka M. Siriwardana, Indika Ruwan Jayasekara, Janeena Nonis, Nadeera H. Dissanayake, Jude Perera | G53: The Journal of Island and Coastal Archaeology | H53: Article | I53: English | J53: Archaeology / தொல்லியல் | L53: Yes | M53: OpenAlex query: Jaffna archaeology. Auto-collected 2026-10-14 (openalex); review. | N53: https://doi.org/10.1080/15564894.2026.2624853
A54: ALL-0053 | B54: Research Papers | C54: 2026 | D54: 2026-04-04 | E54: Late quaternary shell deposits in Northwestern Sri Lanka: New data on chronology, stratigraphy, and contents | F54: Thilanka M. Siriwardana, Indika Ruwan Jayasekara, Nadeera H. Dissanayake | G54: Quaternary International | H54: Article | I54: English | L54: Yes | M54: OpenAlex query: Jaffna archaeology. Auto-collected 2026-10-14 (openalex); review. | N54: https://doi.org/10.1016/j.quaint.2026.110251
A55: ALL-0054 | B55: Research Papers | C55: 2026 | D55: 2026-04-14 | E55: Myanmar’s Prehistoric Rock Art: a Comparative Study with Assam and Sri Lanka | F55: Win Pa Pa Lwin, Pyiet Phyo Kyaw | G55: The South East Asian Review | H55: Journal article | I55: English | J55: Rock art / பாறை ஓவியம் | K55: rock art | L55: Yes | M55: Crossref query: rock art Sri Lanka. Auto-collected 2026-10-14 (crossref); review. | N55: https://doi.org/10.32381/sear.2025.50.9
A56: ALL-0055 | B56: Research Papers | C56: 2026 | D56: 2026-07-01 | E56: Communicative Practices and Societal Structures: Insights from Early Brahmi Inscriptions in Sri Lanka (3rd Century BCE–1st Century CE) | F56: J. D. A. Kumara | G56: KDU Journal of Multidisciplinary Studies | H56: Article | I56: English | J56: Inscriptions / கல்வெட்டு; Brahmi / பிராமி | K56: inscription; inscriptions; brahmi | L56: Yes | M56: OpenAlex query: Tamil inscription Sri Lanka. Auto-collected 2026-10-14 (openalex); review. | N56: https://doi.org/10.4038/kjms.v8i1.183
A57: ALL-0056 | B57: Research Papers | C57: 2026 | D57: 2026-07-06 | E57: Ornaments of Microlithic Period in Sri Lanka: Based on Cultural Deposit in Rock Shelters | F57: Pahiyangala Sumangala | G57: Pravacana | H57: Article | I57: English | L57: Yes | M57: OpenAlex query: rock art Sri Lanka. Auto-collected 2026-10-14 (openalex); review. | N57: https://doi.org/10.4038/p.v16i1.58
A58: ALL-0057 | B58: Research Papers | C58: 2026 | D58: 2026-07-07 | E58: Localizing Heritage: Archaeologies of the Recent Past in Postwar Jaffna, Sri Lanka | F58: Gill Juleff, Thamotharampillai Sanathanan, Ruth Young, John P. Cooper, Emma Dwyer, Adrián Oyaneder | G58: Historical Archaeology | H58: Journal article | I58: English | J58: Archaeology / தொல்லியல் | L58: Yes | M58: Crossref query: Jaffna archaeology. Auto-collected 2026-10-14 (crossref); review. | N58: https://doi.org/10.1007/s41636-026-00636-0
A59: ALL-0058 | B59: Research Papers | C59: 2026 | D59: 2026-09-21 | E59: A Historical Study of the Tamil Inscriptions Discovered at the Buddhist Heritage Site of Velgam Vehera | F59: U.S.Y. Sahan Mahesh Senarath yapa | G59: Zenodo (CERN European Organization for Nuclear Research) | H59: Conference paper | I59: English | J59: Inscriptions / கல்வெட்டு; Archaeology / தொல்லியல் | K59: inscription; inscriptions | L59: Yes | M59: OpenAlex query: Tamil inscription Sri Lanka. Auto-collected 2026-10-14 (openalex); review. | N59: https://doi.org/10.5281/zenodo.22870959
A60: ALL-0059 | B60: Research Papers | C60: 2025 | E60: Investigation of Ancient Pre-colonial Monuments in Jaffna, Sri Lanka | G60: NIIBS Faculty of Humanities & Social Sciences | H60: Journal article | I60: English | J60: Archaeology / தொல்லியல் | K60: monuments; Jaffna | L60: Yes | M60: Upload Feb 2025 | N60: https://fhss.niibs.lk/wp-content/uploads/2025/02/Investigation-of-Ancient-Pre-colonial-Monuments-in-Jaffna-Sri-Lanka.pdf
A61: ALL-0060 | B61: Research Papers | C61: 2025 | E61: The Chola Rule that Shed Light on the History of Sri Lankan Tamils: A Historical Perspective | F61: S. Aniththa | G61: International Archaeological Conference 2025, International Tamizhkkalvi Research Institute, Tamil Nadu | H61: Conference paper | I61: Tamil | J61: Inscriptions / கல்வெட்டு | K61: Chola; inscriptions | L61: Yes | N61: https://www.his.jfn.ac.lk/index.php/__trashed/
A62: ALL-0061 | B62: Research Papers | C62: 2025 | D62: 2025-03-08 | E62: Palimpsests: Material Religion and Political Archaeology at Kurunthaloor Vihara, Sri Lanka | F62: A. Suganthan | G62: AAR Southeast Regional Conference (AARSE 2025), Florida | H62: Conference paper | I62: English | J62: Archaeology / தொல்லியல் | K62: Kurunthurmalai; political archaeology | L62: Yes | N62: https://www.his.jfn.ac.lk/index.php/mrs-ajiththa-suganthan/
A63: ALL-0062 | B63: Research Papers | C63: 2025 | D63: 2025-05-15 | E63: පලනනර අවධය මරට අභයනතර වළඳ නගරවල කරයකරතවය සහ වදශ වළඳ ශරණවල භමකව [The Operation of the Country's Internal Trading Hubs and the Role of Foreign Trade Guilds During the Polonnaruwa Period] | F63: M. K. L. Irangani | G63: Pravacana | H63: Article | I63: English | L63: Yes | M63: OpenAlex query: Jaffna archaeology. Auto-collected 2026-10-14 (openalex); review. | N63: https://doi.org/10.4038/p.v15i2.21
A64: ALL-0063 | B64: Research Papers | C64: 2025 | D64: 2025-06-30 | E64: THE SIGIRIYA MURALS OF SRI LANKA: A COMPREHENSIVE ART HISTORICAL ANALYSIS | F64: Independent Researcher, KHUSHALI JAIN | G64: VESTIGIA INDICA BSSS Journal of History & Archaeology | H64: Article | I64: English | L64: Yes | M64: OpenAlex query: rock art Sri Lanka. Auto-collected 2026-10-14 (openalex); review. | N64: https://doi.org/10.51767/jha0308
A65: ALL-0064 | B65: Research Papers | C65: 2025 | D65: 2025-10-17 | E65: Interactions between Northern Sri Lanka and South India: A Study Based on the Yalppana Vaipavamalai | F65: G. Jeyatheeswaran, R. Udaiachandran | G65: HuSS International Journal of Research in Humanities and Social Sciences | H65: Article | I65: English | L65: Yes | M65: OpenAlex query: Tamil inscription Sri Lanka. Auto-collected 2026-10-14 (openalex); review. | N65: https://doi.org/10.15613/hijrh/2025/v12i1/52698
A66: ALL-0065 | B66: Research Papers | C66: 2025 | D66: 2025-10-31 | E66: A STUDY OF NON-BRAHMI SYMBOLS CREATED FROM THE EARLY BRAHMI SCRIPT | F66: N. Bandara | G66: Third Desk Research Conference | H66: Proceedings article | I66: English | J66: Brahmi / பிராமி | K66: brahmi | L66: Yes | M66: Crossref query: Tissamaharama Brahmi. Auto-collected 2026-10-14 (crossref); review. | N66: https://doi.org/10.64920/drc2025027
A67: ALL-0066 | B67: Research Papers | C67: 2025 | D67: 2025-12-01 | E67: Merchant Guilds as Agents of Trade, Military, and Religious Integration: Valangiyar and Manigramam Networks Across South India, Sri Lanka, and Southeast Asia | F67: Nayomi Dinuka Kekulawala, Dananjaya Gamalath | G67: Nāgānanda International Journal of Humanities & Social Sciences, Vol. 10, No. 05, pp. 40-51 | H67: Journal article | I67: English | J67: Inscriptions / கல்வெட்டு | K67: merchant guilds; Valanjiyar; Manigramam; inscriptions | L67: Yes | N67: https://nijhss.niibs.lk/download/?id=52
A68: ALL-0067 | B68: Research Papers | C68: 2025 | D68: 2025-12-20 | E68: SRI LANKAN MARITIME LAW GOES BACK TO THE SECOND CENTURY BC | F68: Faiz Marikar | G68: Crisia | H68: Article | I68: English | L68: Yes | M68: OpenAlex query: Tamil inscription Sri Lanka. Auto-collected 2026-10-14 (openalex); review. | N68: https://doi.org/10.66142/crisia.2025.06
A69: ALL-0068 | B69: Research Papers | C69: 2025 | D69: 2025-12-29 | E69: Collective and Proactive Female Patronage in Sri Lankan Buddhist Temple Art | F69: Dulma Karunarathna | G69: Ancient Lanka | H69: Article | I69: English | L69: Yes | M69: OpenAlex query: Tamil inscription Sri Lanka. Auto-collected 2026-10-14 (openalex); review. | N69: https://doi.org/10.29173/anlk856
A70: ALL-0069 | B70: Research Papers | C70: 2025 | D70: 2025-12-29 | E70: Stone, Symbol, and Leisure: A Reassessment of Geometric Symbols on the Stone-Paved Terrace of Jetavana Stupa, Sri Lanka | F70: K.W. Chithramala Tharangani | G70: Ancient Lanka | H70: Journal article | I70: English | L70: Yes | M70: Crossref query: hero stone Sri Lanka. Auto-collected 2026-10-14 (crossref); review. | N70: https://doi.org/10.29173/anlk872
A71: ALL-0070 | B71: Research Papers | C71: 2025 | D71: 2025-12-30 | E71: Reconstructing Past Settlements through Soil Characterization: Vessagiriya, Sri Lanka | F71: Chammi P. Attanayake, Ranjith B. Mapa, Sudharshan Seneviratne, Dulma Karunarathna | G71: Ancient Lanka | H71: Article | I71: English | J71: Archaeology / தொல்லியல் | L71: Yes | M71: OpenAlex query: Tamil inscription Sri Lanka. Auto-collected 2026-10-14 (openalex); review. | N71: https://doi.org/10.29173/anlk858
